Name,Date time,Maximum Temperature,Minimum Temperature,Temperature,Wind Chill,Heat Index,Precipitation,Snow Depth,Wind Speed,Wind Gust,Visibility,Cloud Cover,Relative Humidity,Conditions
"Boise, ID",01/01/2020,46.1,37.1,40.9,29.7,,0.2,,13.9,31.1,9.8,64.9,78.89,"Rain, Partially cloudy"
"Boise, ID",01/02/2020,44.1,33.2,38.8,31.3,,0,,13.8,12.8,9.9,63,69.08,Partially cloudy
"Boise, ID",01/03/2020,48.8,34,40.8,29,,0,,19.5,16.1,9.9,3.7,63.65,Clear
"Boise, ID",01/04/2020,45,30.8,39.9,25.9,,0,,19.5,33.5,9.9,25.7,53.83,Partially cloudy
"Boise, ID",01/05/2020,38,29.9,33.8,24.9,,0.05,,11.3,30.5,8.8,63.2,76.31,"Rain, Partially cloudy"
"Boise, ID",01/06/2020,39.8,29.1,34.7,23,,0.02,,12.7,31,9.7,76.7,80.71,"Rain, Overcast"
"Boise, ID",01/07/2020,51.2,35.9,41.7,28,,0,,14.8,24.2,9.9,22.4,65.64,Clear
"Boise, ID",01/08/2020,45,32,38.5,30.2,,0.08,,17.2,28.9,9.3,75.7,71.22,"Rain, Overcast"
"Boise, ID",01/09/2020,37.2,29.1,32.9,22.4,,0.11,,20.6,31.3,8.9,71.7,77.84,"Rain, Partially cloudy"
"Boise, ID",01/10/2020,37.1,23,31.1,13.9,,0,,19.6,30,9.9,75.3,64.45,Overcast
"Boise, ID",01/11/2020,38.1,32,35,22,,0.15,,16.1,21.7,8.8,87.2,79.49,"Rain, Overcast"
"Boise, ID",01/12/2020,38.1,30.9,33.4,21.2,,0.17,,21.8,34.4,7.3,78.7,81.35,"Rain, Overcast"
"Boise, ID",01/13/2020,36,30,32.5,19,,0.08,,17.2,27.7,8.6,77.7,68.1,"Rain, Overcast"
"Boise, ID",01/14/2020,38,20.1,29.2,12.6,,0.07,,13.8,29.8,9.3,53.2,80.71,"Rain, Partially cloudy"
"Boise, ID",01/15/2020,35.9,16.1,28.4,7.4,,0,,20.7,31.1,9.9,57.7,64.46,Partially cloudy
"Boise, ID",01/16/2020,47.9,34,39.8,24.6,,0,,20.7,30.7,9.9,28.4,54.38,Partially cloudy
"Boise, ID",01/17/2020,39.9,30.8,34.2,19.8,,0,,15.9,29.8,9.9,48.4,58.6,Partially cloudy
"Boise, ID",01/18/2020,42.2,30.7,35.6,21.5,,0,,13.7,20.8,9.9,77.2,57.38,Overcast
"Boise, ID",01/19/2020,41,25.1,32.4,19.3,,0,,17.1,25.3,9.9,0,68.42,Clear
"Boise, ID",01/20/2020,39.9,29.1,33.9,22.1,,0,,10.3,28,9.9,42,70.16,Partially cloudy
"Boise, ID",01/21/2020,47.1,34,39.5,29.3,,0.03,,17,23,9,70.5,71.2,"Rain, Partially cloudy"
"Boise, ID",01/22/2020,46.1,28.1,36.9,20.9,,0,,11.3,27,8.8,60.7,77.76,Partially cloudy
"Boise, ID",01/23/2020,52.1,38,42.3,34,,0,,9.1,25.5,9.6,60.1,78.55,Partially cloudy
"Boise, ID",01/24/2020,48.8,38.9,42,31.8,,0.19,,14.9,15,8.5,71.4,85.96,"Rain, Partially cloudy"
"Boise, ID",01/25/2020,44.1,33.2,39.6,28.7,,0.03,,10.2,14.5,6.7,89,87.36,"Rain, Overcast"
"Boise, ID",01/26/2020,46,38,41.4,33.2,,0.76,,14.8,13.9,6.5,82.5,89.38,"Rain, Overcast"
"Boise, ID",01/27/2020,48,33.1,41,27.8,,0,,12.7,21.5,9,71.2,74.52,Partially cloudy
"Boise, ID",01/28/2020,46.9,36,41.1,31.8,,0.19,,13.7,23,9.8,72.8,80.78,"Rain, Partially cloudy"
"Boise, ID",01/29/2020,46.1,31.9,39.2,28.9,,0.06,,6.9,24,6.4,62.2,80.55,"Rain, Partially cloudy"
"Boise, ID",01/30/2020,43,34.1,36.9,26.7,,0.12,,14.9,23.5,8.5,65.2,87.57,"Rain, Partially cloudy"
"Boise, ID",01/31/2020,50,36,42.8,27.6,,0,,14.9,13.9,9.9,61.6,69.56,Partially cloudy
"Boise, ID",02/01/2020,52.1,34.1,44.3,28.9,,0,,14.8,23,9.9,2,66.54,Clear
"Boise, ID",02/02/2020,37.2,28.1,32.8,15.1,,0.02,,21.7,30.7,8.6,60.4,76.5,"Rain, Partially cloudy"
"Boise, ID",02/03/2020,37.2,25.1,30,12,,0,,25.3,36.6,9.9,4.5,46.39,Clear
"Boise, ID",02/04/2020,35.1,18,28,9.9,,0,,17.1,20.8,9.9,23.8,56.71,Clear
"Boise, ID",02/05/2020,34.1,29,31.5,22.9,,0.39,,5.8,24.5,2.7,83.7,87.16,"Rain, Overcast"
"Boise, ID",02/06/2020,46.2,32,40,28.8,,0.21,,10.3,23.8,7.5,91.7,86.91,"Rain, Overcast"
"Boise, ID",02/07/2020,55.2,43.1,48,37.8,,0,,18.3,26.4,9.9,76.9,65.71,Overcast
"Boise, ID",02/08/2020,46.1,32,39.8,24.6,,0.01,,17.2,36.7,9.9,60.7,65.83,"Rain, Partially cloudy"
"Boise, ID",02/09/2020,45,27,35.5,18.7,,0,,17.1,19.7,9.9,1.1,64.51,Clear
"Boise, ID",02/10/2020,47,25.1,34.5,25.6,,0,,19.6,27.6,9.9,3.2,62.44,Clear
"Boise, ID",02/11/2020,48.8,26,35.6,19.5,,0,,7.9,27.6,9.9,0,56.85,Clear
"Boise, ID",02/12/2020,48.9,29.1,37.3,22.8,,0,,17.1,26.2,9.9,13,63.09,Clear
"Boise, ID",02/13/2020,52.1,28.9,40,21.2,,0,,22.8,36.8,9.9,2.1,52.92,Clear
"Boise, ID",02/14/2020,47.1,30.8,39.5,23.4,,0,,22.8,36,9.9,48.8,49.43,Partially cloudy
"Boise, ID",02/15/2020,45,33.1,38.6,25.6,,0,,9,35.5,9.9,64,54.43,Partially cloudy
"Boise, ID",02/16/2020,45,30,37.7,24.3,,0.52,,16.1,30,8.8,67.1,78.79,"Rain, Partially cloudy"
"Boise, ID",02/17/2020,39,25.1,31.7,17.2,,0,,12.8,21.9,9.6,34.6,67.03,Partially cloudy
"Boise, ID",02/18/2020,39.9,22.9,30.2,13.1,,0,,11.4,16.1,9.9,0.1,58.06,Clear
"Boise, ID",02/19/2020,39.9,21.8,30.2,11.1,,0,,13.9,16.1,9.9,0.1,53.78,Clear
"Boise, ID",02/20/2020,44.1,20.1,30.5,9.2,,0,,14.8,21.9,9.9,0.1,49.12,Clear
"Boise, ID",02/21/2020,44.9,24.1,33,16.1,,0,,11.3,22,9.9,0,48.14,Clear
"Boise, ID",02/22/2020,48.9,26,35.8,18.4,,0,,11.3,11.4,9.9,0.1,52.2,Clear
"Boise, ID",02/23/2020,57.8,29,40.7,22.1,,0,,32,48,9.9,48.2,54.08,Partially cloudy
"Boise, ID",02/24/2020,43.1,28.2,35,20.2,,0,,18.3,29.7,9.9,14.5,51.73,Clear
"Boise, ID",02/25/2020,45,21,33.4,16.4,,0,,8,27.3,9.9,3.9,52.8,Clear
"Boise, ID",02/26/2020,52.1,30.8,39.1,22.9,,0,,11.3,47.6,9.9,44.5,44.78,Partially cloudy
"Boise, ID",02/27/2020,56,28.9,40.8,21.9,,0,,10.2,24.8,9.9,0,54.29,Clear
"Boise, ID",02/28/2020,62.1,32,46.5,25.5,,0,,20.6,27,9.9,0.1,47.56,Clear
"Boise, ID",02/29/2020,47.9,36,42.9,28.1,,0,,17.1,22.9,9.9,35.6,45.37,Partially cloudy
"Boise, ID",03/01/2020,51.1,27.1,38.5,19.9,,0,,22.9,33.2,9.9,18.1,46.09,Clear
"Boise, ID",03/02/2020,48,25.1,38.1,19.4,,0,,13.7,16.1,9.9,59.1,50.98,Partially cloudy
"Boise, ID",03/03/2020,56.9,40.9,47.3,36.2,,0,,13.6,20.8,9.9,54.4,53.68,Partially cloudy
"Boise, ID",03/04/2020,60.1,35,46.3,29.9,,0,,14.8,23.9,9.9,0,48.05,Clear
"Boise, ID",03/05/2020,71.1,39.7,53.5,32.7,,0,,18.3,29.4,9.9,0.1,35.09,Clear
"Boise, ID",03/06/2020,65.9,44.1,55.9,38.9,,0,,18.3,24.1,9.9,0,35.93,Clear
"Boise, ID",03/07/2020,57.7,39,49.8,35,,0.11,,13.8,40.3,9.6,78.6,56.12,"Rain, Overcast"
"Boise, ID",03/08/2020,51.2,34,43.3,29.8,,0,,6.9,32.4,9.9,82.5,63.67,Overcast
"Boise, ID",03/09/2020,51.2,38,44,33.4,,0.01,,10.2,12.8,9.9,75.5,66.49,"Rain, Overcast"
"Boise, ID",03/10/2020,56.1,33.1,44.6,29.9,,0,,9.1,11.4,9.9,16.2,60.33,Clear
"Boise, ID",03/11/2020,62.1,37,48.7,31.5,,0,,17,19.7,9.9,0.1,45.53,Clear
"Boise, ID",03/12/2020,52.1,33.2,42.4,25.7,,0,,17.1,21.9,9.9,0,41.33,Clear
"Boise, ID",03/13/2020,56.1,29.8,42.6,20.9,,0,,17,28.7,9.9,1.3,38.54,Clear
"Boise, ID",03/14/2020,52,38.1,45.9,30.7,,0.06,,20.7,32.2,9.5,66.8,60.34,"Rain, Partially cloudy"
"Boise, ID",03/15/2020,55.1,35.2,44.1,28.7,,0.57,,16,20.8,9.1,73,79.8,"Rain, Partially cloudy"
"Boise, ID",03/16/2020,57.8,36,47.4,32.1,,0,,10.2,26.2,9.1,51.3,73.64,Partially cloudy
"Boise, ID",03/17/2020,58.9,42.2,49,39.3,,0.42,,14.8,31.9,9.5,61.6,71.91,"Rain, Partially cloudy"
"Boise, ID",03/18/2020,48.8,37.1,41.2,32.2,,0,,13.9,19.7,9.9,42.9,69.46,Partially cloudy
"Boise, ID",03/19/2020,55.1,29.9,42.8,26.4,,0,,6.9,18.3,9.9,14.3,65.23,Clear
"Boise, ID",03/20/2020,59,41,48.7,37.2,,0,,11.2,19.2,9.9,45.6,55.75,Partially cloudy
"Boise, ID",03/21/2020,59,35.9,47.7,29.7,,0,,12.7,18.2,9.9,10.7,51.99,Clear
"Boise, ID",03/22/2020,60.1,33.1,46.5,26.2,,0,,11.4,20.8,9.9,0,45.15,Clear
"Boise, ID",03/23/2020,56.9,43.1,49.2,37.8,,0.05,,13.8,36.6,9.9,68.6,46.4,"Rain, Partially cloudy"
"Boise, ID",03/24/2020,47.9,38.9,43,34.3,,0.07,,20.5,27.7,9.8,67.3,67.95,"Rain, Partially cloudy"
"Boise, ID",03/25/2020,47.9,34.1,40.4,26.7,,0.01,,17,29.8,9.6,53.8,59.39,"Rain, Partially cloudy"
"Boise, ID",03/26/2020,47,26.1,36.5,21.6,,0,,16,23.9,9.9,13.8,55.43,Clear
"Boise, ID",03/27/2020,48.9,26.9,39,20.9,,0,,15,25,9.9,41.3,51.78,Partially cloudy
"Boise, ID",03/28/2020,56,36,45.4,32.6,,0,,9.1,17,9.9,63,51.57,Partially cloudy
"Boise, ID",03/29/2020,54,43.1,47.6,38.2,,0.09,,13.8,15,9.9,59.6,59.06,"Rain, Partially cloudy"
"Boise, ID",03/30/2020,54,43.1,48.7,36.9,,0.03,,18.3,24.2,9.9,73.1,62.09,"Rain, Partially cloudy"
"Boise, ID",03/31/2020,52.1,38.9,44.4,32.3,,0.38,,18.2,44.7,9.4,69.1,72.48,"Rain, Partially cloudy"
"Boise, ID",06/10/2020,83,51.1,68,,80.5,0,,10.3,17.2,9.9,1.2,51.65,Clear
"Boise, ID",06/11/2020,89.1,58.9,75.3,,85.4,0,,12.6,34.3,9.9,0,35.55,Clear
"Boise, ID",06/12/2020,89,62,76,,85.7,0,,26.4,37.9,9.9,0,39.64,Clear
"Boise, ID",06/13/2020,69.2,50,56.7,,,1.12,,17.2,30.9,8.4,68.5,74.63,"Rain, Partially cloudy"
"Boise, ID",06/14/2020,65.9,47,57.1,46,,0.02,,12.7,23,9.5,37.8,65.54,"Rain, Partially cloudy"
"Boise, ID",06/15/2020,61,51.1,56.1,,,0.08,,20.7,31.1,9.9,61.9,65.76,"Rain, Partially cloudy"
"Boise, ID",06/16/2020,60.1,51.1,54.9,,,0.28,,18.2,28.9,9.1,66.1,77.53,"Rain, Partially cloudy"
"Boise, ID",06/17/2020,66.9,47.1,55.7,43.2,,0.15,,16.1,26.7,9.7,70.6,66.94,"Rain, Partially cloudy"
"Boise, ID",06/18/2020,74,48.8,62.9,47,,0,,10.2,11.4,9.8,0,52.62,Clear
"Boise, ID",06/19/2020,80.1,53,67.6,,78.7,0,,9.1,17.2,9.9,0,47.91,Clear
"Boise, ID",06/20/2020,85.9,60.1,72.3,,83.2,0,,10.1,21.2,9.9,7.3,45.47,Clear
"Boise, ID",06/21/2020,82.1,61.1,72.4,,80.5,0,,16,23,9.9,5.9,48.44,Clear
"Boise, ID",06/22/2020,84.8,56.1,71.9,,82,0,,16,21.9,9.9,0,41.96,Clear
"Boise, ID",06/23/2020,92.9,57,75.9,,88.4,0,,8,19.3,9.9,0,40.26,Clear
"Boise, ID",06/24/2020,95.1,64,80.1,,92.6,0,,16.1,19.5,9.8,0,41.34,Clear
"Boise, ID",06/25/2020,88.1,65.1,76.3,,85.2,0,,13.8,20.8,9.6,0,40.38,Clear
"Boise, ID",06/26/2020,92,64,78.6,,88.3,0,,11.4,20.3,9.9,0,38.3,Clear
"Boise, ID",06/27/2020,83.9,62.9,74.3,,81.8,0,,13.8,20.8,9.9,4.7,41.01,Clear
"Boise, ID",06/28/2020,69.2,52.1,60.2,,,0,,21.7,33.9,9.9,18.8,41.38,Clear
"Boise, ID",06/29/2020,60.1,49.5,53.5,45.2,,0.18,,12.8,17.2,9.5,76.3,82.95,"Rain, Overcast"
"Boise, ID",06/30/2020,74,52.1,61.9,,,0.1,,10.1,12.8,9.6,44,65.47,"Rain, Partially cloudy"
"Boise, ID",07/01/2020,75.8,52.1,63.9,,,0,,11.4,13.9,9.6,7.9,45.82,Clear
"Boise, ID",07/02/2020,80.9,50,66.1,,79.2,0,,9.2,17.2,9.8,0,43.5,Clear
"Boise, ID",07/03/2020,89.9,56.6,74.4,,86.1,0,,10.2,19.7,9.9,0,32.77,Clear
"Boise, ID",07/04/2020,88.1,59,73.7,,84.4,0,,14.9,24.2,9.7,0,36.92,Clear
"Boise, ID",07/05/2020,88,57,73.2,,84.3,0,,13.8,20.8,9.7,0,36.99,Clear
"Boise, ID",07/06/2020,92,58.8,75.7,,87.7,0,,9,11.4,9.9,0,31.02,Clear
"Boise, ID",07/07/2020,81,62.1,71.9,,79.2,0,,18.3,23,9.7,0,33.44,Clear
"Boise, ID",07/08/2020,79.1,55.2,67.8,,,0,,13.8,20.6,9.9,0,39.07,Clear
"Boise, ID",07/09/2020,91.1,55,73.2,,86.9,0,,10.1,19.7,9.9,0,34.92,Clear
"Boise, ID",07/10/2020,87.1,62.1,74.8,,83.7,0,,16.1,20.6,9.9,0,35.95,Clear
"Boise, ID",07/11/2020,100.1,64.8,81.8,,94.8,0,,14.7,24.2,9.9,0,24.19,Clear
"Boise, ID",07/12/2020,89.1,62.1,76.6,,85.1,0,,16,22.9,9.9,0.1,28.81,Clear
"Boise, ID",07/13/2020,82.1,59,71.8,,79.7,0,,16.1,25.3,9.9,0,32.18,Clear
"Boise, ID",07/14/2020,84.8,53.2,69.8,,81.7,0,,15,21.7,9.9,0,31.85,Clear
"Boise, ID",07/15/2020,89.1,54.1,73,,85.1,0,,15,21.9,9.8,0,28.94,Clear
"Boise, ID",07/16/2020,93.8,61.1,78.4,,89.5,0,,10.3,16.1,9.8,0,28.57,Clear
"Boise, ID",07/17/2020,96.1,62.9,80.7,,91.6,0,,13.8,22.9,9.8,0,29.58,Clear
"Boise, ID",07/18/2020,89.1,61.1,75.9,,85.1,0,,12.6,19.7,9.9,0,29.73,Clear
"Boise, ID",07/19/2020,91.1,60.2,76.8,,87.2,0,,13.8,19.7,9.9,0,32.7,Clear
"Boise, ID",07/20/2020,93.8,62.2,79.3,,89.4,0,,15,23,9.9,0,31.71,Clear
"Boise, ID",07/21/2020,98.1,63,82.6,,93.3,0,,12.7,17.2,9.9,0,29.24,Clear
"Boise, ID",07/22/2020,92.9,74,82.6,,89.7,0,,17.1,30.3,9.8,14.9,30.14,Clear
"Boise, ID",07/23/2020,91,66.9,76.4,,88.5,0.01,,21.9,33.2,9.7,12.1,49.32,Rain
"Boise, ID",07/24/2020,90,60.1,76.6,,87,0,,11.3,19.7,9.8,0,43.4,Clear
"Boise, ID",07/25/2020,89.1,60.2,74.8,,85.1,0,,12.7,19.7,9.9,0,28.25,Clear
"Boise, ID",07/26/2020,92.9,56.1,75.9,,88.4,0,,13.8,19.7,9.9,0,31.66,Clear
"Boise, ID",07/27/2020,96.1,64.8,80.4,,91.5,0,,11.3,21.3,9.9,1.2,28.26,Clear
"Boise, ID",07/28/2020,96.1,70.1,81.7,,92,0.13,,22.9,37.3,9.6,7.6,34.07,Rain
"Boise, ID",07/29/2020,98.9,63,81.8,,94.4,0,,9.1,12.8,9.9,0.1,40.19,Clear
"Boise, ID",07/30/2020,103.9,68,85.8,,100.3,0,,11.4,19.7,9.9,0,29.88,Clear
"Boise, ID",07/31/2020,103.9,71,88.4,,98.6,0,,13.8,11.4,9.7,0,23.06,Clear
"Boise, ID",08/01/2020,100.1,69,83.8,,95.5,0,,11.3,19.7,9.9,0,29.9,Clear
"Boise, ID",08/02/2020,100.1,65.1,82.5,,96.3,0,,11.4,13.9,9.9,0,32.57,Clear
"Boise, ID",08/03/2020,92,68,80.1,,88.1,0,,20.7,25.3,9.9,0,28.78,Clear
"Boise, ID",08/04/2020,92,61.1,76.8,,87.7,0,,12.6,19.5,9.9,0,32.73,Clear
"Boise, ID",08/05/2020,98,64,81.9,,94.3,0,,13.7,24.3,9.9,1.1,26.78,Clear
"Boise, ID",08/06/2020,92,71.1,81.9,,88.3,0,,17.2,29.8,9.9,0.1,28.93,Clear
"Boise, ID",08/07/2020,80.1,56.1,68.8,,78.6,0,,17.1,26.4,9.9,0,35.98,Clear
"Boise, ID",08/08/2020,89.1,55.1,72.8,,85.1,0,,11.3,18.2,9.8,0,30.16,Clear
"Boise, ID",08/09/2020,88.1,59.1,74.2,,84.5,0,,17.1,26.1,9.9,0,37.2,Clear
"Boise, ID",08/10/2020,89.1,60.2,73.6,,85.1,0,,11.4,18.3,9.9,0,32.94,Clear
"Boise, ID",08/11/2020,96.1,62,80.4,,91.5,0,,13.8,20.8,9.9,0,25.57,Clear
"Boise, ID",08/12/2020,85.9,65.1,77.5,,82.6,0,,13.8,15,9.9,0.1,22.81,Clear
"Boise, ID",08/13/2020,88.1,57,72.5,,84.4,0,,13.8,24.2,9.4,0,32.25,Clear
"Boise, ID",08/14/2020,88.1,56.1,72.5,,84.3,0,,12.7,20.8,9.9,0,25.63,Clear
"Boise, ID",08/15/2020,97,57.7,78.6,,92.1,0,,9,21.8,9.9,0,22.56,Clear
"Boise, ID",08/16/2020,101,69.1,84.2,,96.1,0,,15,33.3,9.9,5.6,23.9,Clear
"Boise, ID",08/17/2020,101.9,73,85.7,,98.2,0,,21.8,39.1,9.5,0,29.52,Clear
"Boise, ID",08/18/2020,100.1,73.9,85.5,,95.8,0,,15.9,28.7,9.7,2.1,31.68,Clear
"Boise, ID",08/19/2020,92.8,74.9,84.8,,91.2,0,,16,37.8,9.8,0.2,33.92,Clear
"Boise, ID",08/20/2020,91.1,67.9,78.9,,87,0,,10.3,17.1,9.5,2.5,34.01,Clear
"Boise, ID",08/21/2020,91.1,67.9,78,,87.3,0,,12.7,14.7,6.4,24.2,28.11,Clear
"Boise, ID",08/22/2020,89.1,61.1,74.3,,86.1,0,,10.3,12.8,7.7,0,44.51,Clear
"Boise, ID",08/23/2020,92,62,77.2,,88.6,0,,9,31.6,5,0,38.54,Clear
"Boise, ID",08/24/2020,89.9,69,78,,86.2,0.02,,22.7,34.4,4.7,11.4,34.63,Rain
"Boise, ID",08/25/2020,92.9,65.9,76.3,,90.4,0.11,,12.7,33.5,6.1,7.3,53.99,Rain
"Boise, ID",08/26/2020,89.9,64.1,76.4,,88,0,,13.8,31.5,9.9,0.2,49.53,Clear
"Boise, ID",08/27/2020,87.2,66.9,76.8,,84.4,0,,14.9,30.9,9.8,0.1,38.6,Clear
"Boise, ID",08/28/2020,89.1,60.1,74.9,,85.8,0,,11.3,30.4,9.7,0.1,37.28,Clear
"Boise, ID",08/29/2020,92.9,60.2,76.5,,88.4,0,,12.7,29.7,9.3,0,28.99,Clear
"Boise, ID",08/30/2020,79.1,56.9,67.8,,,0,,18.3,29.9,9.9,0,27.03,Clear
"Boise, ID",08/31/2020,75.8,56.1,63.9,,,0,,22.8,28.6,9.9,28.8,34.42,Partially cloudy
"Boise, ID",09/01/2020,83.9,49.9,66.7,49.3,81.3,0,,14.8,20.8,9.8,0,42.98,Clear
"Boise, ID",09/02/2020,94.9,60,76.3,,90.3,0,,11.3,13.9,9.7,0.1,33.12,Clear
"Boise, ID",09/03/2020,94.9,60.1,77.4,,90.6,0,,13.8,21.9,9.5,0.2,28.53,Clear
"Boise, ID",09/04/2020,100.1,62.8,81.5,,94.7,0,,12.6,19.2,9.4,0.1,24.08,Clear
"Boise, ID",09/05/2020,100.1,65.8,82.5,,95.1,0,,12.7,16.1,8.1,1.4,22.37,Clear
"Boise, ID",09/06/2020,92,62,76.8,,87.6,0,,11.4,27.9,6.8,0.3,23.89,Clear
"Boise, ID",09/07/2020,88,56.9,70.5,,84.6,0,,35.6,49.7,9.3,3.5,23.59,Clear
"Boise, ID",09/08/2020,69.2,47.9,58.2,44.2,,0,,18.3,28.9,9.9,0.2,24.87,Clear
"Boise, ID",09/09/2020,77,46.9,61.6,43,,0,,14.9,23,9.7,0.7,22.23,Clear
"Boise, ID",09/10/2020,83.9,49.8,67.1,47.6,81,0,,12.6,26,9.2,0.4,21.38,Clear
"Boise, ID",09/11/2020,87.1,53.8,69.4,,83.6,0,,10.2,24.5,9.7,0.4,25.52,Clear
"Boise, ID",09/12/2020,82.8,57.5,68.4,,80.3,0,,12.4,25.8,8.8,13,28.82,Clear
"Boise, ID",09/13/2020,87.9,54.9,69.5,,84.3,0,,12.5,21.1,1.8,29.9,29.04,Partially cloudy
"Boise, ID",04/01/2020,45,30.9,37.8,27.4,,0,,14.9,34.4,9.9,42.1,60.25,Partially cloudy
"Boise, ID",04/02/2020,47.1,26.2,36.7,23,,0,,13.8,18.3,9.9,16.8,58.35,Clear
"Boise, ID",04/03/2020,51.2,33,41.3,25,,0,,11.3,16.1,9.9,48.3,45.11,Partially cloudy
"Boise, ID",04/04/2020,59,30.7,45,25.5,,0.06,,17.2,25.3,9.8,27.1,48.63,"Rain, Partially cloudy"
"Boise, ID",04/05/2020,61.1,43.1,49.5,37.4,,0.15,,15.9,35.6,9.2,57.5,67.9,"Rain, Partially cloudy"
"Boise, ID",04/06/2020,61.1,39.8,50.5,37.8,,0,,16.9,16.1,9.6,45.2,72.07,Partially cloudy
"Boise, ID",04/07/2020,65,39.7,52.2,35,,0,,12.7,16,9.9,1.5,59.33,Clear
"Boise, ID",04/08/2020,70.1,40.9,55.1,37,,0,,11.3,15,9.9,0,46.86,Clear
"Boise, ID",04/09/2020,71.1,40.9,55.8,37.9,,0,,9.1,16.3,9.9,0,43.44,Clear
"Boise, ID",04/10/2020,70.1,46.1,58.9,41.8,,0,,13.8,19.7,9.9,0,42.75,Clear
"Boise, ID",04/11/2020,64.1,43.3,53.3,39.7,,0,,28.8,41.9,9.9,19.8,44.19,Clear
"Boise, ID",04/12/2020,53.1,34.1,44.1,25.6,,0,,22.8,35.7,9.9,14.3,30.87,Clear
"Boise, ID",04/13/2020,51.2,29.1,41.5,25.4,,0,,18.2,28.6,9.9,3.6,34.56,Clear
"Boise, ID",04/14/2020,60.2,30.8,47,27,,0,,17.1,25,9.9,26.1,30.69,Partially cloudy
"Boise, ID",04/15/2020,60.2,45,50.9,38.9,,0.02,,20.7,37.8,9.8,59.7,50.75,"Rain, Partially cloudy"
"Boise, ID",04/16/2020,54,37.1,44.5,29,,0,,12.7,19.7,9.9,17.1,53.37,Clear
"Boise, ID",04/17/2020,61.1,35.9,48.5,28.5,,0,,17.1,19.6,9.9,0,37.66,Clear
"Boise, ID",04/18/2020,66.8,38,53.7,33.8,,0,,12.7,16.1,9.9,10.9,35.4,Clear
"Boise, ID",04/19/2020,68,41.1,55.5,37.9,,0,,14.9,25.1,9.8,23.4,41.29,Clear
"Boise, ID",04/20/2020,70.1,42.1,57.1,36.6,,0,,10.2,17.1,9.9,4.5,40.07,Clear
"Boise, ID",04/21/2020,72,42.3,58.3,40.5,,0,,20.6,30.2,9.9,12.8,41.23,Clear
"Boise, ID",04/22/2020,66.9,42.3,55.3,40.6,,0.01,,18.1,31.2,9.9,32.8,51.05,"Rain, Partially cloudy"
"Boise, ID",04/23/2020,61.1,48,54,43.3,,0.43,,25.2,35.3,9.7,49.2,66.11,"Rain, Partially cloudy"
"Boise, ID",04/24/2020,64.1,39.8,52.5,34.4,,0,,9.1,30.2,9.9,34.1,56.11,Partially cloudy
"Boise, ID",04/25/2020,71.1,46,59.5,41.5,,0,,14.9,13.9,9.9,9.3,48.19,Clear
"Boise, ID",04/26/2020,72,50,61.2,49.4,,0,,13.8,17.2,9.9,18.4,49.66,Clear
"Boise, ID",04/27/2020,69.2,51.2,59.2,,,0.02,,14.9,20.8,9.9,36.8,47.77,"Rain, Partially cloudy"
"Boise, ID",04/28/2020,73.1,46.2,60.2,45,,0,,10.2,15,9.9,0,52.98,Clear
"Boise, ID",04/29/2020,87.2,53,69.8,,83.9,0,,17.2,25.3,9.9,1.1,39.05,Clear
"Boise, ID",04/30/2020,71.9,50,60.7,,,0.35,,26.4,48.2,8.7,27.4,66.21,"Rain, Partially cloudy"
"Boise, ID",05/01/2020,69.2,44.1,56.3,42.6,,0,,9.2,16,9.9,8.4,57.69,Clear
"Boise, ID",05/02/2020,78.1,49.8,64.7,45.1,,0,,19.4,29.7,9.9,9.2,34.53,Clear
"Boise, ID",05/03/2020,63,44.2,54.3,39.1,,0,,25.1,37.8,9.9,17.6,40.48,Clear
"Boise, ID",05/04/2020,68,37.2,54.3,32.9,,0,,8.1,17.2,9.9,0,38.94,Clear
"Boise, ID",05/05/2020,81,47.8,66,43.3,78.8,0,,16.1,27.5,9.9,0,23.47,Clear
"Boise, ID",05/06/2020,71.9,48,58.7,44.3,,0.01,,27.7,48.1,9.6,16.3,31.55,Rain
"Boise, ID",05/07/2020,65,37.2,52.1,34.7,,0,,12.7,19.7,9.9,0.1,37.46,Clear
"Boise, ID",05/08/2020,73.1,43,58.9,38.2,,0,,17.1,25.3,9.9,0.2,37.68,Clear
"Boise, ID",05/09/2020,80.1,48.8,64.9,44.1,78.3,0,,20.4,29.8,9.9,0,26.83,Clear
"Boise, ID",05/10/2020,84.8,51.1,68.8,,81.7,0,,13.8,19.7,9.9,2.3,28.84,Clear
"Boise, ID",05/11/2020,82.1,56.8,70.1,,79.8,0,,13.8,28.9,9.8,0.1,27.97,Clear
"Boise, ID",05/12/2020,66,52.1,61.1,,,0,,13.8,35.8,9.9,51.1,38.12,Partially cloudy
"Boise, ID",05/13/2020,62.1,44.1,52.8,44.9,,0.03,,10.2,23.4,9.9,50.9,60.17,"Rain, Partially cloudy"
"Boise, ID",05/14/2020,59,46.6,52.8,43.7,,0.31,,13.7,25.3,9.2,62.7,69.61,"Rain, Partially cloudy"
"Boise, ID",05/15/2020,64.1,45,54.2,43.2,,0.02,,14.9,21.8,9.1,42.7,64.33,"Rain, Partially cloudy"
"Boise, ID",05/16/2020,73.2,44.9,59.8,41.2,,0,,20.6,29.5,9.9,2,43.77,Clear
"Boise, ID",05/17/2020,78.1,55.2,64.3,,,0.01,,18.1,25.3,9.9,40.2,49.22,"Rain, Partially cloudy"
"Boise, ID",05/18/2020,58.9,51.1,55,,,0.16,,18.2,26.4,9.9,64.1,79.58,"Rain, Partially cloudy"
"Boise, ID",05/19/2020,55.2,46.2,51,44,,0.15,,13.8,11.4,9.6,54,85.9,"Rain, Partially cloudy"
"Boise, ID",05/20/2020,50,45,47.6,40.2,,0.8,,12.8,18.3,8,70.1,88.07,"Rain, Partially cloudy"
"Boise, ID",05/21/2020,59,47,51.8,43.7,,0.06,,15,23.8,9.6,61.6,70.36,"Rain, Partially cloudy"
"Boise, ID",05/22/2020,57,44.1,48.9,38.2,,0.04,,17.1,31.1,9.9,47,65.73,"Rain, Partially cloudy"
"Boise, ID",05/23/2020,65,39,53.2,34,,0,,19.6,32.2,9.9,10.9,54.67,Clear
"Boise, ID",05/24/2020,71.1,43.1,57.9,41.5,,0,,13.8,19.7,9.9,0,47.26,Clear
"Boise, ID",05/25/2020,77,48.7,65.1,45.3,,0,,10.3,19.2,9.9,6.7,41.6,Clear
"Boise, ID",05/26/2020,75.9,59,66.8,,,0.03,,11.4,19.7,9.9,45.8,61.15,"Rain, Partially cloudy"
"Boise, ID",05/27/2020,82.1,53.9,68.9,,79.9,0,,13.8,19.5,9.9,0,45.99,Clear
"Boise, ID",05/28/2020,91.1,56.8,74.2,,87,0,,11.3,16.1,9.9,2,33.13,Clear
"Boise, ID",05/29/2020,94.9,65.8,80.3,,91.2,0,,10.2,17.3,9.9,0,37.75,Clear
"Boise, ID",05/30/2020,97.1,70,82.5,,92.3,0,,29.8,44.4,9.8,7.5,27.17,Clear
"Boise, ID",05/31/2020,77,57.9,68.5,,,0.08,,17,31.1,9.9,15.6,47.26,Rain
"Boise, ID",06/01/2020,74.9,59,66.5,,,0,,15,27.7,9.9,13.5,51.14,Clear
"Boise, ID",06/02/2020,83,55.1,70,,80.7,0,,8.1,11.4,9.9,1.1,47,Clear
"Boise, ID",06/03/2020,83.9,61.1,72.6,,81.4,0,,12.6,16.1,9.9,0,36.4,Clear
"Boise, ID",06/04/2020,81,56.2,69.3,,79.1,0,,13.8,20.8,9.9,5.8,36.32,Clear
"Boise, ID",06/05/2020,95,60,75.8,,90.4,0,,20.7,33.4,9.9,0,30.53,Clear
"Boise, ID",06/06/2020,68,50,60,,,0.1,,18.4,29.8,9.6,50.6,64.02,"Rain, Partially cloudy"
"Boise, ID",06/07/2020,52.1,41,47.3,33.5,,0.76,,20.7,31.1,8.7,66.1,81.93,"Rain, Partially cloudy"
"Boise, ID",06/08/2020,65,46.1,54,41.5,,0.09,,19.6,29.8,9.8,46,59.87,"Rain, Partially cloudy"
"Boise, ID",06/09/2020,73.1,49.9,60.8,46.3,,0,,29.7,43.4,9.9,50.5,48.59,Partially cloudy
"Boise, ID",10/01/2019,56.9,38.1,46.4,32.8,,0,,14.9,25,9.9,50.4,57.78,Partially cloudy
"Boise, ID",10/02/2019,60.2,35,47.6,32.4,,0,,20.5,25.3,9.9,9.2,52.7,Clear
"Boise, ID",10/03/2019,60.2,42.1,50.5,36.6,,0,,13.8,15,9.9,28.5,41.08,Partially cloudy
"Boise, ID",10/04/2019,55.2,42.1,47.3,38.2,,0.03,,14.9,20.8,9.8,46.4,67.59,"Rain, Partially cloudy"
"Boise, ID",10/05/2019,61.1,37,48.3,32.7,,0,,12.7,16.3,9.9,12.7,56.64,Clear
"Boise, ID",10/06/2019,64.1,35,49.5,29.3,,0,,9.1,12.8,9.9,0,44.76,Clear
"Boise, ID",10/07/2019,68,38.9,52.9,34.9,,0,,13.7,17,9.9,0.1,37.49,Clear
"Boise, ID",10/08/2019,70.1,43,55.6,38.9,,0,,21.7,31,9.9,27.7,43.53,Partially cloudy
"Boise, ID",10/09/2019,47.9,34.1,41.1,25.7,,0,,23.9,37.5,9.9,59.3,49.3,Partially cloudy
"Boise, ID",10/10/2019,47,24.2,35.7,20.9,,0,,12.8,15,9.9,0,51.56,Clear
"Boise, ID",10/11/2019,57.9,30.7,42.2,22,,0,,11.4,16.1,9.9,0,38.43,Clear
"Boise, ID",10/12/2019,60.2,33.1,45.9,26.9,,0,,12.6,15.6,9.9,0.1,32.74,Clear
"Boise, ID",10/13/2019,61.1,35.9,47.2,30.3,,0,,9.1,15.4,9.9,0.1,35.77,Clear
"Boise, ID",10/14/2019,64.1,35.8,48.5,31,,0,,9.1,13.9,9.9,0.1,42.92,Clear
"Boise, ID",10/15/2019,73.1,39.7,54.9,37.2,,0,,10.2,16.8,9.9,0,34.04,Clear
"Boise, ID",10/16/2019,79,46.9,61.4,43.6,,0,,12.5,18.3,9.3,0,27.75,Clear
"Boise, ID",10/17/2019,65.8,42.1,54.8,38.8,,0,,12.9,20.8,9.9,45.4,42.01,Partially cloudy
"Boise, ID",10/18/2019,57.9,38.9,47.5,34.4,,0.01,,13.8,21.9,9.9,42.2,56.32,"Rain, Partially cloudy"
"Boise, ID",10/19/2019,51.6,40.9,45.5,33.1,,0.21,,22.9,37.8,9.8,55.3,58.89,"Rain, Partially cloudy"
"Boise, ID",10/20/2019,50,35.9,44,31.1,,0,,11.4,23.1,9.9,40.5,56.81,Partially cloudy
"Boise, ID",10/21/2019,55.2,39.7,47.8,36.5,,0,,11.4,31.6,9.9,85.8,60.86,Overcast
"Boise, ID",10/22/2019,64.1,44.9,52.1,42.5,,0.02,,9.1,36.8,9.9,38.3,68.09,"Rain, Partially cloudy"
"Boise, ID",10/23/2019,59,42.2,49.8,37,,0,,20.6,28.3,9.9,0,50.87,Clear
"Boise, ID",10/24/2019,59,33,44.9,28.7,,0,,10.2,24.3,9.9,0.2,44.32,Clear
"Boise, ID",10/25/2019,67.9,40.8,51.5,34.6,,0,,15.9,16.1,9.3,1.3,39.39,Clear
"Boise, ID",10/26/2019,52,37.1,43.8,27.8,,0,,26.1,35.7,9.5,28.7,51.7,Partially cloudy
"Boise, ID",10/27/2019,47,25.2,36.1,23.1,,0,,17.1,21.9,9.9,3.7,45.84,Clear
"Boise, ID",10/28/2019,41,24.9,33.1,16.3,,0,,9.1,34.1,9.9,45,48.67,Partially cloudy
"Boise, ID",10/29/2019,34.1,18,27.3,7.8,,0,,20.8,30,9.5,14.2,44.75,Clear
"Boise, ID",10/30/2019,39.9,17,27.3,6.2,,0,,10.2,28.9,9.9,0,41.41,Clear
"Boise, ID",10/31/2019,43.1,21.7,31.2,12.4,,0,,10.2,28.3,9.9,1.2,40.54,Clear
"Boise, ID",11/01/2019,47.1,21.7,33.3,15.5,,0,,12.6,31.2,9.9,0,42.33,Clear
"Boise, ID",11/02/2019,52,26,37,21.4,,0,,7.9,29.4,9.9,0,44.41,Clear
"Boise, ID",11/03/2019,52,28.9,38.2,23.8,,0,,9.1,29.8,9.6,0,45.4,Clear
"Boise, ID",11/04/2019,58.9,30.7,43.4,27.5,,0,,8,27.9,9.7,0,48.94,Clear
"Boise, ID",11/05/2019,61,35,45.4,29.5,,0,,8,28.8,9.9,0,54.44,Clear
"Boise, ID",11/06/2019,57,33,43.3,32.2,,0,,8.1,29.2,9.8,0,55.78,Clear
"Boise, ID",11/07/2019,56,34,43.3,27.2,,0,,11.3,29.5,9.8,0,50.74,Clear
"Boise, ID",11/08/2019,60.1,31.9,43.1,27.2,,0,,8,29.6,9.8,0,49.64,Clear
"Boise, ID",11/09/2019,56.9,30.7,42,27.7,,0,,6.8,31.2,8.9,0,52.38,Clear
"Boise, ID",11/10/2019,61.1,37.1,47.4,33.4,,0,,12.7,33.4,9.1,32,54.84,Partially cloudy
"Boise, ID",11/11/2019,54,30.8,42.3,25.1,,0,,20.6,28.3,9.9,0,54.3,Clear
"Boise, ID",11/12/2019,48.9,31.9,40.9,27.3,,0,,13.7,13.9,9.7,17.9,48.32,Clear
"Boise, ID",11/13/2019,55.1,33.1,41.5,28.7,,0,,6.9,31.3,9.9,29.3,55.31,Partially cloudy
"Boise, ID",11/14/2019,55.9,34,43.7,29.6,,0,,10.3,15.3,9.6,0,62.15,Clear
"Boise, ID",11/15/2019,60.1,35,46.6,33.3,,0,,8.1,14.2,8.9,24.5,57.2,Clear
"Boise, ID",11/16/2019,54,36,44.5,31.2,,0,,11.4,13.9,9.2,20.1,62.13,Clear
"Boise, ID",11/17/2019,60.1,35.8,46,29.6,,0,,8,14.1,9.8,22.2,53.46,Clear
"Boise, ID",11/18/2019,58.8,35.9,46.5,31.9,,0,,10.1,19.8,9.7,16.9,56.43,Clear
"Boise, ID",11/19/2019,54,35.2,44.8,31,,0.01,,19.7,31.1,9.3,45.2,63.98,"Rain, Partially cloudy"
"Boise, ID",11/20/2019,55.2,30.9,39.7,26.1,,0,,10.2,21.9,9.9,0,67.74,Clear
"Boise, ID",11/21/2019,47.1,26.9,35.2,21.5,,0,,6.8,23.1,9.9,0,62.51,Clear
"Boise, ID",11/22/2019,47.9,28,35.8,20.8,,0,,8,22.4,9.9,0,59.32,Clear
"Boise, ID",11/23/2019,50,26,36.8,20.3,,0,,11.3,21.9,9.8,0.1,58.66,Clear
"Boise, ID",11/24/2019,46.9,29.8,36,25,,0,,8,27.3,9.1,39.2,64.34,Partially cloudy
"Boise, ID",11/25/2019,44.1,28.2,34.3,20.6,,0,,18.3,29.8,9.3,24.8,70,Clear
"Boise, ID",11/26/2019,36,24,31.7,20.4,,0,,30.8,45.7,9.8,56.2,60.33,Partially cloudy
"Boise, ID",11/27/2019,44.1,30.8,37.5,18.1,,0.01,,27.6,44.6,8.6,78.7,60.79,"Rain, Overcast"
"Boise, ID",11/28/2019,39.9,28.1,32.8,24.4,,0.01,,4.7,17.1,9.6,47.7,78.04,"Rain, Partially cloudy"
"Boise, ID",11/29/2019,34.1,26.1,28.8,18.5,,0.01,,14.9,16.1,8,74.3,79.9,"Rain, Partially cloudy"
"Boise, ID",11/30/2019,35.1,17,26.5,8,,0.01,,14.8,20.8,9.5,24.1,71.3,Rain
"Boise, ID",12/01/2019,35.9,20.1,30.5,6.9,,0.14,,16.1,26.4,6.4,76.5,76.16,"Rain, Overcast"
"Boise, ID",12/02/2019,35.1,32,33.7,26.4,,0.02,,6.9,26.3,3.7,86.4,92.66,"Rain, Overcast"
"Boise, ID",12/03/2019,38.9,33.2,35.9,28.8,,0.01,,5.7,25.9,3.4,91.3,92.93,"Rain, Overcast"
"Boise, ID",12/04/2019,44.1,29.9,37.3,26.5,,0,,13.8,18.3,7.1,58.6,83.46,Partially cloudy
"Boise, ID",12/05/2019,38.9,29.1,34.8,25.6,,0,,10.2,22.3,5.3,89.7,88.59,Overcast
"Boise, ID",12/06/2019,51.1,37.2,41.6,29.6,,0,,19.6,28.7,9.9,35.4,69.83,Partially cloudy
"Boise, ID",12/07/2019,51.2,38.1,45.9,31.2,,0.06,,21.6,27.5,9.9,69.1,68.83,"Rain, Partially cloudy"
"Boise, ID",12/08/2019,46.1,38.9,43.1,33.9,,0.18,,13.7,17.8,9.7,79.5,84.74,"Rain, Overcast"
"Boise, ID",12/09/2019,45,29.9,36.2,25,,0,,10.2,13.4,9.8,13.3,78.78,Clear
"Boise, ID",12/10/2019,45,28.9,35.2,21.2,,0,,11.2,12.8,9.9,0,72.2,Clear
"Boise, ID",12/11/2019,43.1,33.2,38.6,25.7,,0.07,,12.7,16.1,9.6,83.1,80.51,"Rain, Overcast"
"Boise, ID",12/12/2019,47.9,38.9,42.9,33.9,,0.33,,12.6,27.5,9.2,73.7,86.5,"Rain, Partially cloudy"
"Boise, ID",12/13/2019,39.9,35.1,37.3,31,,0.06,,8,24.6,9.3,58.9,87.88,"Rain, Partially cloudy"
"Boise, ID",12/14/2019,41,29,35.7,22.9,,0.09,,12.7,16.1,7.9,62.5,82.55,"Rain, Partially cloudy"
"Boise, ID",12/15/2019,36,26.6,31.4,20.5,,0,,9.2,18.3,9.9,61.8,73.52,Partially cloudy
"Boise, ID",12/16/2019,36,20.9,28,15.7,,0,,8,24.8,9.9,5.2,72.27,Clear
"Boise, ID",12/17/2019,35.9,20,26.7,9.2,,0,,16.1,25.1,9.9,0,64.19,Clear
"Boise, ID",12/18/2019,34.1,23,28,15.2,,0,,8.1,18.3,9.9,26.1,65.01,Partially cloudy
"Boise, ID",12/19/2019,44.9,30.8,36.9,23.5,,0.01,,19.6,29.9,9.5,80.6,69.59,"Rain, Overcast"
"Boise, ID",12/20/2019,49.9,41,45.4,33.1,,0,,19.6,33.3,9.9,8,55.9,Clear
"Boise, ID",12/21/2019,48.7,39.9,44.1,32.4,,0,,18.1,27.7,9.9,0,48.98,Clear
"Boise, ID",12/22/2019,61,36,47.7,32,,0,,27.5,36,9.9,12.7,38.4,Clear
"Boise, ID",12/23/2019,46.9,37.2,42.8,34.5,,0.02,,9.2,14.3,9.9,81.9,59.34,"Rain, Overcast"
"Boise, ID",12/24/2019,39.8,29.9,34.1,24,,0.16,,6.9,11.4,7.2,72.9,85.48,"Rain, Partially cloudy"
"Boise, ID",12/25/2019,34.1,28.2,31.2,21.2,,0,,8,17.1,8.7,83.7,86.15,Overcast
"Boise, ID",12/26/2019,33.2,30.9,32.1,24.3,,0,,7.9,16.8,9.9,93.6,83.07,Overcast
"Boise, ID",12/27/2019,35.1,27,31,20.5,,0,,9.1,16.9,9.9,75.6,73.61,Overcast
"Boise, ID",12/28/2019,38.1,25.1,30.5,27.6,,0,,11.3,13.1,9.1,64.1,77.9,Partially cloudy
"Boise, ID",12/29/2019,32,28.1,30.2,19.4,,0.06,,10.2,19.2,7.1,80,82.96,"Rain, Overcast"
"Boise, ID",12/30/2019,34.1,29.1,31.6,22.9,,0,,6.9,17.1,9.9,97.6,73.45,Overcast
"Boise, ID",12/31/2019,39.9,32,36.4,25.5,,0.01,,18.1,21.8,9.9,94.4,71.21,"Rain, Overcast"
"Boise, ID",07/01/2019,92,56,75.5,,87.9,0,,16.2,25.8,9.9,0,32.8,Clear
"Boise, ID",07/02/2019,82.1,59,71.6,,80.1,0,,18.2,26.4,9.9,0,41.55,Clear
"Boise, ID",07/03/2019,78.2,56.1,68.1,,,0,,16.1,26.4,9.9,3.2,39.73,Clear
"Boise, ID",07/04/2019,81,53.2,68.6,,79.2,0,,11.4,18.3,9.9,0,40.83,Clear
"Boise, ID",07/05/2019,90,58.9,75.3,,86,0,,13.9,12.8,9.9,0,32.2,Clear
"Boise, ID",07/06/2019,92,65.8,79,,88.2,0,,16,18.3,9.9,0,29.98,Clear
"Boise, ID",07/07/2019,84.8,63,74.1,,81.8,0,,13.9,21.9,9.9,0,34.75,Clear
"Boise, ID",07/08/2019,83,57.9,70.7,,80.9,0,,11.3,18.4,9.9,20.9,41.9,Clear
"Boise, ID",07/09/2019,88,55.2,73.8,,84.6,0,,8.1,12.8,9.9,2.1,38.33,Clear
"Boise, ID",07/10/2019,93.8,71,80.7,,89.6,0,,13.7,14.9,9.9,1.1,29.36,Clear
"Boise, ID",07/11/2019,94.9,63,80.1,,91.2,0,,14.9,17.2,9.9,0,37.44,Clear
"Boise, ID",07/12/2019,98.1,64.2,81.4,,94.6,0,,10.3,21.9,9.9,2.5,39.38,Clear
"Boise, ID",07/13/2019,98.1,69,84.1,,94.3,0,,11.3,15,9.9,4.2,32.24,Clear
"Boise, ID",07/14/2019,92.9,63,79.3,,88.9,0,,17.1,39.1,9.9,0,39.03,Clear
"Boise, ID",07/15/2019,91.1,62.2,76.6,,87.4,0,,16,29.3,9.9,2.2,39.87,Clear
"Boise, ID",07/16/2019,84.8,63,73.6,,82.2,0,,15,24.2,9.9,19.3,45.86,Clear
"Boise, ID",07/17/2019,90,60.2,75.6,,86.1,0,,15.9,23,9.9,0,37.27,Clear
"Boise, ID",07/18/2019,87.1,62.2,75.2,,84,0,,13.8,23.9,9.9,1.1,38.37,Clear
"Boise, ID",07/19/2019,81,57.9,69.8,,78.8,0,,16,23.9,9.9,4.8,27.18,Clear
"Boise, ID",07/20/2019,88.1,53.2,71.4,,84.3,0,,15,21.9,9.9,0,28.4,Clear
"Boise, ID",07/21/2019,96.1,57.7,77.6,,91.7,0,,8,16.2,9.9,0,29.47,Clear
"Boise, ID",07/22/2019,100.1,71,85.9,,95.8,0,,12.6,15,9.9,1.1,27.04,Clear
"Boise, ID",07/23/2019,94.9,77,83.8,,91.6,0,,21.7,39.1,9.9,11.8,31.38,Clear
"Boise, ID",07/24/2019,88,66.9,78.1,,84.3,0,,13.8,21.9,9.9,2.3,30.39,Clear
"Boise, ID",07/25/2019,93.8,57.9,76.3,,89.2,0,,13.8,17.1,9.9,0,24.94,Clear
"Boise, ID",07/26/2019,87.1,64,75.9,,83.6,0,,9.1,19.8,9.9,17.2,30.87,Clear
"Boise, ID",07/27/2019,93.8,64.9,79.6,,89.7,0,,12.6,20.5,9.9,1.1,34.83,Clear
"Boise, ID",07/28/2019,94.9,61.2,79.2,,90.7,0,,10.2,20.8,9.8,2.5,33.55,Clear
"Boise, ID",07/29/2019,96.1,66.9,81.1,,92.8,0.02,,15.9,23,9.9,11.2,36.14,Rain
"Boise, ID",07/30/2019,96.1,69.1,82.9,,93,0,,11.4,12.8,9.9,0,35.68,Clear
"Boise, ID",07/31/2019,97.1,65.1,81.4,,93.1,0,,9.2,19.3,9.9,0,29.68,Clear
"Boise, ID",08/01/2019,98,62.9,81.7,,94.4,0,,9.1,19.7,9.9,1.1,29.12,Clear
"Boise, ID",08/02/2019,93.9,69.2,81.7,,90.7,0.01,,12.7,25.3,9.9,1.1,32.73,Rain
"Boise, ID",08/03/2019,97,63,79.8,,93.4,0,,11.3,16.1,9.9,0,37.82,Clear
"Boise, ID",08/04/2019,98.9,64.2,81.2,,95.5,0,,7,15.9,9.9,0,35.47,Clear
"Boise, ID",08/05/2019,98.9,66.9,82.8,,95,0,,10.2,12.8,9.9,0,33.53,Clear
"Boise, ID",08/06/2019,100.1,73,84.4,,95.5,0,,21.7,31.1,9.9,0,27.46,Clear
"Boise, ID",08/07/2019,98,73.8,84.4,,93.4,0,,18.2,26.4,9.9,0,23.76,Clear
"Boise, ID",08/08/2019,85.8,73,78.1,,83.4,0,,21.8,31,9.9,45.7,35.19,Partially cloudy
"Boise, ID",08/09/2019,91.1,66.8,77.7,,87.3,0.02,,17.2,33.3,9.7,24.3,44.19,Rain
"Boise, ID",08/10/2019,83,62,70,,80.9,0.06,,19.6,34.4,9.8,22.6,58.1,Rain
"Boise, ID",08/11/2019,77,57.9,67.8,,,0,,13.8,19.7,9.9,19.4,48.85,Clear
"Boise, ID",08/12/2019,83.9,56.8,70.2,,81.3,0,,13.7,17.1,9.9,0,41.53,Clear
"Boise, ID",08/13/2019,91.1,60,75.1,,87.1,0,,11.3,19.7,9.9,0,33.13,Clear
"Boise, ID",08/14/2019,93.8,62.8,78.5,,89.5,0,,13.8,19.7,9.9,0,29.99,Clear
"Boise, ID",08/15/2019,90,62.2,75.9,,86,0,,14.9,20.7,9.9,0,34.84,Clear
"Boise, ID",08/16/2019,87.1,57.8,73.3,,83.6,0,,13.9,20.8,9.9,0,33.67,Clear
"Boise, ID",08/17/2019,84.9,55.1,71.1,,81.9,0,,11.4,20.8,9.9,0,34.21,Clear
"Boise, ID",08/18/2019,93.8,58.8,77.6,,89.5,0,,13.7,19.5,9.9,0,29.96,Clear
"Boise, ID",08/19/2019,93.8,62.9,80.4,,89.8,0,,11.4,18.3,9.9,0,26.16,Clear
"Boise, ID",08/20/2019,98.1,64,80.8,,93.6,0,,10.2,31.1,9.9,0,27.32,Clear
"Boise, ID",08/21/2019,95,66.6,81,,90.5,0,,23,31.1,9.9,0,26.73,Clear
"Boise, ID",08/22/2019,82.1,62.1,73.5,,80.5,0,,19.5,31.1,9.9,6.4,41.66,Clear
"Boise, ID",08/23/2019,86,56.1,71.5,,82.7,0,,11.4,30,9.9,0.1,39.16,Clear
"Boise, ID",08/24/2019,93.8,62.8,78.6,,89.4,0,,9.2,12.8,9.9,0,24.61,Clear
"Boise, ID",08/25/2019,84.9,59.1,73.1,,81.9,0,,17.1,28.2,9.9,0.2,32.1,Clear
"Boise, ID",08/26/2019,83,53.1,69.3,,80.4,0,,13.8,18.3,9.9,0,32.67,Clear
"Boise, ID",08/27/2019,88,53.8,71.9,,84.3,0,,10.1,29.8,9.9,0,29.42,Clear
"Boise, ID",08/28/2019,96.1,60,78.1,,91.4,0,,9.1,31.1,9.9,0,25.85,Clear
"Boise, ID",08/29/2019,93.9,69.9,81.9,,89.5,0,,17,30.2,9.9,2.2,22.65,Clear
"Boise, ID",08/30/2019,91.1,62.1,77,,87.9,0,,13.8,24.2,9.9,0,44.09,Clear
"Boise, ID",08/31/2019,95,64.9,80.5,,90.9,0,,10.2,15,9.9,0,31.98,Clear
"Boise, ID",09/01/2019,96.1,64.9,80.5,,91.5,0,,12.7,16.7,9.9,0,26.8,Clear
"Boise, ID",09/02/2019,92.9,62.8,78,,88.5,0,,9.2,17.2,9.9,0,25.82,Clear
"Boise, ID",09/03/2019,96.1,62.8,80,,91.5,0,,11.2,17.6,9.9,0,23.65,Clear
"Boise, ID",09/04/2019,94.9,62.9,78.8,,90.4,0,,17,25.3,9.9,0,31.27,Clear
"Boise, ID",09/05/2019,97.1,71.1,82.4,,93.4,0,,28.5,50.7,9.6,12.4,32.33,Clear
"Boise, ID",09/06/2019,81,65,71.4,,80.3,0.15,,19.7,47.1,9.8,27.6,68.81,"Rain, Partially cloudy"
"Boise, ID",09/07/2019,83.9,58.9,71.3,,82.3,0,,6.9,46.8,9.9,0.2,56.53,Clear
"Boise, ID",09/08/2019,72,57,62.9,,,0.32,,32,47.6,8.8,56.8,79.16,"Rain, Partially cloudy"
"Boise, ID",09/09/2019,72,53.9,62.3,,,0,,6.9,19.3,8.6,24.1,62.21,Clear
"Boise, ID",09/10/2019,71.1,50,60.2,,,0,,12.7,19.7,9.9,8.7,57.44,Clear
"Boise, ID",09/11/2019,73.2,49.9,61.2,,,0,,14.9,26.2,9.9,9.2,55.93,Clear
"Boise, ID",09/12/2019,79.1,53,65.2,,,0,,12.6,11.4,9.9,0,48.38,Clear
"Boise, ID",09/13/2019,83.9,56.8,69.8,,81.3,0,,11.3,13.2,9.9,0,37.24,Clear
"Boise, ID",09/14/2019,90,55.9,72.4,,85.9,0,,10.2,12.8,9.9,0,32.9,Clear
"Boise, ID",09/15/2019,91.1,62.9,76.7,,86.9,0,,18.1,25.3,9.9,0.2,22.19,Clear
"Boise, ID",09/16/2019,75.8,51.2,64.8,,,0.15,,27.7,41.2,9.6,14.3,45.07,Rain
"Boise, ID",09/17/2019,68,51.2,58.2,,,0.13,,12.6,11.4,9.8,62.2,63.49,"Rain, Partially cloudy"
"Boise, ID",09/18/2019,61,51.2,55.3,,,0.05,,8,13.9,9.6,60.2,78.29,"Rain, Partially cloudy"
"Boise, ID",09/19/2019,65.9,47.4,53.5,46,,0.01,,17,25.3,6.5,62.3,79.46,"Rain, Partially cloudy"
"Boise, ID",09/20/2019,68,48.9,57.3,44.9,,0,,23,30.2,9.9,48.2,61.08,Partially cloudy
"Boise, ID",09/21/2019,70.1,45,57.5,47.1,,0,,11.3,12.8,9.9,12,59.1,Clear
"Boise, ID",09/22/2019,77,51,63.8,,,0,,14.9,21.9,9.9,10,45.98,Clear
"Boise, ID",09/23/2019,72,52,61.8,,,0,,13.8,23.8,9.9,14.8,62.51,Clear
"Boise, ID",09/24/2019,77,53,64.4,,,0,,18.2,26.4,9.9,23.2,52.73,Clear
"Boise, ID",09/25/2019,71.1,50.1,60.4,,,0,,18.3,24.2,9.9,0.2,49.55,Clear
"Boise, ID",09/26/2019,79.1,47,63.5,44.2,,0,,16.1,29.8,9.9,11,40.16,Clear
"Boise, ID",09/27/2019,70.1,50,60.1,,,0,,11.4,13.9,9.9,8.4,52.14,Clear
"Boise, ID",09/28/2019,54,45,48.5,40.6,,0.01,,17.1,18.3,9.9,60.4,58.11,"Rain, Partially cloudy"
"Boise, ID",09/29/2019,52.1,35.2,43.9,31.2,,0,,10.3,18.3,9.9,46,58.7,Partially cloudy
"Boise, ID",09/30/2019,56,34,46,29.7,,0,,11.4,18.2,9.9,36.1,52.24,Partially cloudy
"Boise, ID",04/01/2019,60.1,43.1,51.5,37.4,,0,,14.8,18.3,9.9,55.9,43.85,Partially cloudy
"Boise, ID",04/02/2019,53.1,47.1,49.9,43.4,,0.11,,17,20.8,8.5,71.7,70.19,"Rain, Partially cloudy"
"Boise, ID",04/03/2019,59,45,50.3,42.6,,0.05,,10.3,21.3,8.2,71.4,81.06,"Rain, Partially cloudy"
"Boise, ID",04/04/2019,65,47.9,55.8,43,,0,,13.7,11.4,9.9,47.1,57.45,Partially cloudy
"Boise, ID",04/05/2019,61.1,48.8,53.8,45.9,,0.14,,21.9,32.2,9.7,70.9,67.25,"Rain, Partially cloudy"
"Boise, ID",04/06/2019,57,38.9,49.2,32.8,,0.05,,18.3,21.9,9.9,49.3,67.4,"Rain, Partially cloudy"
"Boise, ID",04/07/2019,64.1,50,55.3,44.1,,0.1,,17.2,22.8,9.9,91.3,68.86,"Rain, Overcast"
"Boise, ID",04/08/2019,65,51.2,56.3,,,0.39,,15,21.9,8.9,93.7,75.27,"Rain, Overcast"
"Boise, ID",04/09/2019,53.9,42.8,48.1,36.3,,0.05,,28.7,40.3,9.4,61.3,72,"Rain, Partially cloudy"
"Boise, ID",04/10/2019,53.1,39.9,45.9,29,,0,,27.6,40.1,9.9,75.8,55.81,Overcast
"Boise, ID",04/11/2019,52.1,41,45.3,35.5,,0,,21.6,28.9,9.8,62.7,69.86,Partially cloudy
"Boise, ID",04/12/2019,57.8,36.1,46,33.3,,0,,16,33.3,9.9,38.1,65.73,Partially cloudy
"Boise, ID",04/13/2019,63,37.9,50.6,32.7,,0.09,,12.8,12.8,9.6,43.9,58.51,"Rain, Partially cloudy"
"Boise, ID",04/14/2019,52.1,41,47.1,36.3,,0.4,,13.8,19.7,9.4,70.1,77.07,"Rain, Partially cloudy"
"Boise, ID",04/15/2019,54,39.9,46.2,34.5,,0.16,,10.3,15,9.6,81.8,75.32,"Rain, Overcast"
"Boise, ID",04/16/2019,57,43.1,49.8,41.2,,0.07,,14.9,24.2,9.9,48.6,65.47,"Rain, Partially cloudy"
"Boise, ID",04/17/2019,63,40.9,51.7,35.7,,0,,17.1,27.6,9.9,30.5,59.33,Partially cloudy
"Boise, ID",04/18/2019,73.1,43,57.7,38.9,,0,,10.2,19.1,9.9,0.1,51.57,Clear
"Boise, ID",04/19/2019,82.1,52,67,,80,0,,14.9,18.3,9.9,2.3,40.24,Clear
"Boise, ID",04/20/2019,66.7,51.1,57.8,,,0.31,,22.8,36.7,9.9,29.7,69.85,"Rain, Partially cloudy"
"Boise, ID",04/21/2019,66.8,48.8,56.3,42.4,,0,,28.6,41.1,9.9,34.7,55.11,Partially cloudy
"Boise, ID",04/22/2019,68,41.1,55.7,41.4,,0,,12.7,18.3,9.9,0,51.04,Clear
"Boise, ID",04/23/2019,74.9,47,61,44.2,,0.01,,19.5,28.5,9.9,8.2,53.26,Rain
"Boise, ID",04/24/2019,70.1,50,59.6,49.3,,0,,16,26.3,9.9,17.2,57.4,Clear
"Boise, ID",04/25/2019,72,39.7,57.9,36.5,,0,,10.2,28.4,9.7,13.9,41.26,Clear
"Boise, ID",04/26/2019,66.9,49.9,58.2,49.4,,0,,19.5,29.8,9.9,18.8,46.77,Clear
"Boise, ID",04/27/2019,69.2,39.7,54.8,33.8,,0,,25.2,35.1,9.9,2.3,40.15,Clear
"Boise, ID",04/28/2019,56,36,46.2,26.9,,0,,20.7,29.8,9.9,1.2,38.56,Clear
"Boise, ID",04/29/2019,56.9,34.1,46.6,27.4,,0,,17.2,24.2,9.9,2.2,34.36,Clear
"Boise, ID",04/30/2019,57.9,35.1,46.2,31.1,,0,,21.8,34.2,9.9,7.4,41.65,Clear
"Boise, ID",05/01/2019,60.2,30.8,47.3,28.7,,0,,10.2,17.2,9.9,2.1,34.28,Clear
"Boise, ID",05/02/2019,65.1,38,53.6,34.5,,0,,18.3,28.9,9.9,5.9,29.06,Clear
"Boise, ID",05/03/2019,72,40.9,57.4,36.6,,0,,10.1,11.4,9.9,0.1,32.4,Clear
"Boise, ID",05/04/2019,74.9,46,60.6,41.9,,0,,12.7,19.6,9.9,0.2,33.7,Clear
"Boise, ID",05/05/2019,77,48.7,62.9,45.8,,0,,13.8,20.7,9.9,0.1,35.05,Clear
"Boise, ID",05/06/2019,78.1,47.2,63.2,,,0,,18.3,31.5,9.9,0,40.87,Clear
"Boise, ID",05/07/2019,76.9,45.1,62.2,46.1,,0,,26.2,42.4,9.9,10.2,37.93,Clear
"Boise, ID",05/08/2019,74.9,48,62.6,44.3,,0,,19.6,34.3,9.9,12,36.74,Clear
"Boise, ID",05/09/2019,66.9,51.1,59.4,,,0,,18.3,29.8,9.9,32.1,39.66,Partially cloudy
"Boise, ID",05/10/2019,71.1,46.9,59.6,41.4,,0,,12.6,20.8,9.9,0,39.11,Clear
"Boise, ID",05/11/2019,80.1,48.7,65.3,44.4,78.5,0,,10.1,12.8,9.9,0,36.06,Clear
"Boise, ID",05/12/2019,84.8,53.8,69.9,,81.8,0,,14.8,21.9,9.9,0,31.38,Clear
"Boise, ID",05/13/2019,85.9,53.9,70.7,,82.7,0,,9.2,19.8,9.9,2.1,29.32,Clear
"Boise, ID",05/14/2019,82.1,60,70.9,,79.9,0,,16.1,27,9.9,1.1,32.36,Clear
"Boise, ID",05/15/2019,70.1,57,64.2,,,0,,13.8,22.3,9.9,53.3,49.37,Partially cloudy
"Boise, ID",05/16/2019,57.8,50,53.8,46.3,,0.22,,16,21.7,9.4,57.7,83.14,"Rain, Partially cloudy"
"Boise, ID",05/17/2019,51.2,47.1,48.8,41.2,,0.49,,18.3,28.9,8.9,80,85.55,"Rain, Overcast"
"Boise, ID",05/18/2019,65.9,46.1,55.5,42,,0,,10.3,24.1,9.3,43.2,54.17,Partially cloudy
"Boise, ID",05/19/2019,56.9,50,53,49.4,,0.25,,18.1,25.3,9.3,75.9,79.28,"Rain, Overcast"
"Boise, ID",05/20/2019,62,48.9,52.5,45.9,,0.32,,12.8,19.7,8.7,77.5,83.91,"Rain, Overcast"
"Boise, ID",05/21/2019,58.9,45,51.5,41.8,,0.55,,17.1,26.2,9,56.4,73.97,"Rain, Partially cloudy"
"Boise, ID",05/22/2019,59,47.1,52.3,43.7,,0.08,,14.9,19.7,9.7,70.9,75.43,"Rain, Partially cloudy"
"Boise, ID",05/23/2019,72,48,57.5,46,,0,,17.1,32.3,9.9,63.8,64.22,Partially cloudy
"Boise, ID",05/24/2019,66.7,47.9,55,44.8,,0.44,,13.8,34.8,9.9,37.3,69.76,"Rain, Partially cloudy"
"Boise, ID",05/25/2019,63,50,54.8,48.4,,0.09,,14.9,35.9,9.7,72,76.62,"Rain, Partially cloudy"
"Boise, ID",05/26/2019,73.1,49.9,57.7,46.3,,0,,29.6,42.5,9.9,23.3,68.36,Clear
"Boise, ID",05/27/2019,73.1,47.9,60.6,45.3,,0,,25.2,33.4,9.2,32.2,64.88,Partially cloudy
"Boise, ID",05/28/2019,75.4,52.1,63.1,,,0.3,,17.2,25.6,9.3,38.1,59.06,"Rain, Partially cloudy"
"Boise, ID",05/29/2019,74.1,55.9,64.8,,,0.01,,18.1,26.4,9.9,36.6,61.02,"Rain, Partially cloudy"
"Boise, ID",05/30/2019,72,56.1,62.3,,,0.12,,18,29.8,9.6,43.4,74.05,"Rain, Partially cloudy"
"Boise, ID",05/31/2019,78.1,56,66.9,,,0,,14.8,22.9,9.9,16.6,58.21,Clear
"Boise, ID",06/01/2019,81,57.8,68.9,,79.7,0,,11.4,16.1,9.9,34.4,53.5,Partially cloudy
"Boise, ID",06/02/2019,83,56.9,71.6,,81.1,0,,10.1,21.1,9.9,0,47.57,Clear
"Boise, ID",06/03/2019,84.8,62.9,74.3,,83.1,0,,13.7,20.8,9.9,5.8,44.23,Clear
"Boise, ID",06/04/2019,83,57.9,71.3,,80.8,0,,16,21.7,9.9,0.1,39.39,Clear
"Boise, ID",06/05/2019,88,54,72.5,,84.3,0,,13.7,29.9,9.9,4.8,34.59,Clear
"Boise, ID",06/06/2019,75.8,52.1,63.8,,,0,,32,44,9.9,22.1,54.94,Clear
"Boise, ID",06/07/2019,60.2,47.9,52.1,42.9,,0,,27.6,35.7,9.9,59.7,60.29,Partially cloudy
"Boise, ID",06/08/2019,64.1,39.9,53.2,37.8,,0,,16,30.3,9.9,23.6,49.08,Clear
"Boise, ID",06/09/2019,74.1,46,60.9,42,,0,,13.7,21.9,9.9,0,35.89,Clear
"Boise, ID",06/10/2019,81,52,67.5,,79.1,0,,10.2,21.1,9.9,0,32.99,Clear
"Boise, ID",06/11/2019,86,55,71.5,,83.2,0,,14.8,22.7,9.9,0,38.42,Clear
"Boise, ID",06/12/2019,90,61,75.5,,86.7,0.02,,12.7,31.1,9.9,9.3,45.67,Rain
"Boise, ID",06/13/2019,88.1,62,75.6,,85.3,0,,14.8,24.2,9.9,4.1,46.77,Clear
"Boise, ID",06/14/2019,86,62.1,74.8,,82.8,0,,17.2,26.4,9.9,7.3,38.41,Clear
"Boise, ID",06/15/2019,84.8,55.2,71.8,,81.7,0,,12.7,21.9,9.9,0,33.91,Clear
"Boise, ID",06/16/2019,87.2,57.9,73.6,,84,0,,13.8,20.8,9.9,0,36.57,Clear
"Boise, ID",06/17/2019,88.1,60.2,75.3,,84.6,0,,12.7,22.8,9.9,0,38.15,Clear
"Boise, ID",06/18/2019,86,60.2,74.4,,83,0,,17,25.3,9.9,0.1,37.69,Clear
"Boise, ID",06/19/2019,79.1,56.1,68.8,,,0,,21.7,34.6,9.8,0,28.52,Clear
"Boise, ID",06/20/2019,63,48.9,57.1,44.5,,0,,21.9,35,9.9,18.3,37.7,Clear
"Boise, ID",06/21/2019,65.1,44,56,39.5,,0,,20.6,27.3,9.9,8.8,46.56,Clear
"Boise, ID",06/22/2019,74.9,44.2,61.1,42.6,,0,,16,23,9.9,0,46.93,Clear
"Boise, ID",06/23/2019,77,55.9,66.9,,,0,,17,25.3,9.9,9.5,37.52,Clear
"Boise, ID",06/24/2019,78.1,49.9,65.9,49.4,,0,,13.8,24.9,9.9,1.1,40.28,Clear
"Boise, ID",06/25/2019,81,57.7,69.3,,79.4,0,,11.3,18.3,9.9,19.6,38.29,Clear
"Boise, ID",06/26/2019,88.1,55.2,71.7,,84.3,0,,14.8,31.1,9.9,9.1,38.45,Clear
"Boise, ID",06/27/2019,80.9,57.9,70.5,,79,0,,14.9,19.7,9.9,8,32.71,Clear
"Boise, ID",06/28/2019,73.1,55.2,63.6,,,0,,11.4,18.3,9.9,6.9,47.59,Clear
"Boise, ID",06/29/2019,88,53,71.8,,84.3,0,,12.8,24.6,9.9,0,35.81,Clear
"Boise, ID",06/30/2019,86,57.9,73,,82.7,0,,14.9,25.3,9.9,1.1,34.3,Clear
"Boise, ID",07/01/2018,84,56.5,72,,81.4,0,,15.5,28.4,9.9,0.1,39.37,Clear
"Boise, ID",07/02/2018,80.8,57.9,69.5,,78.9,0,,20.4,29.8,9.9,0,30.49,Clear
"Boise, ID",07/03/2018,74.1,50.2,63.4,,,0,,17,29.8,9.9,2,33.44,Clear
"Boise, ID",07/04/2018,95.9,56.6,74.9,,91.1,0,,12.4,28.3,9.9,0,27.45,Clear
"Boise, ID",07/05/2018,100.8,67.4,82.9,,95.8,0,,12.3,28.9,9.9,0,25.89,Clear
"Boise, ID",07/06/2018,93.5,67.8,80.4,,88.9,0,,19.1,24.3,9.9,2.8,23.89,Clear
"Boise, ID",07/07/2018,95,67.6,81.3,,90.6,0,,10.2,27.1,9.9,0.6,26.43,Clear
"Boise, ID",07/08/2018,96.9,65.2,80.8,,92.4,0,,15.6,27.3,9.9,0,30.89,Clear
"Boise, ID",07/09/2018,100.9,66.4,83.6,,95.6,0,,11,28.5,9.9,0,24.88,Clear
"Boise, ID",07/10/2018,89.8,66.9,78.5,,85.7,0,,19.3,29.6,9.9,0,26.4,Clear
"Boise, ID",07/11/2018,89.8,59.3,75.6,,85.8,0,,16.9,29.1,9.9,0,33.51,Clear
"Boise, ID",07/12/2018,92.8,60.4,77,,88.4,0,,14.7,31.2,9.9,0,34.6,Clear
"Boise, ID",07/13/2018,97,63.8,81.8,,92,0,,12.5,32.1,9.9,0,25.91,Clear
"Boise, ID",07/14/2018,98.8,66.3,83.8,,94.2,0,,16.6,32.8,9.9,0,25.12,Clear
"Boise, ID",07/15/2018,97,65,80.7,,93.5,0,,15.6,35.4,9.9,0.1,31.59,Clear
"Boise, ID",07/16/2018,97.1,70.7,84,,93.3,0.1,,24.2,47.2,9.7,9.3,31.77,Rain
"Boise, ID",07/17/2018,97.9,64.8,82.2,,93.3,0,,13.4,38.2,9.9,0.1,32.78,Clear
"Boise, ID",07/18/2018,97.9,67.7,84.4,,92.9,0,,15.6,34.2,9.9,0,21.84,Clear
"Boise, ID",07/19/2018,97,63,81,,92,0,,13.4,36.8,9.9,0.1,24.94,Clear
"Boise, ID",07/20/2018,97.8,64.2,80.7,,92.6,0,,13.5,37.2,9.9,0.9,24.55,Clear
"Boise, ID",07/21/2018,95.1,60.4,78.8,,90.3,0,,11.6,33.5,9.9,0.1,22.92,Clear
"Boise, ID",07/22/2018,92.8,61.1,77.3,,88.3,0,,13.3,32.2,9.9,0,22.01,Clear
"Boise, ID",07/23/2018,100,61.6,82.5,,95.3,0,,11,31.1,9.9,0,18.4,Clear
"Boise, ID",07/24/2018,101.9,70.4,87.2,,97.8,0,,12.4,31.6,9.1,0.4,24.25,Clear
"Boise, ID",07/25/2018,100.1,70.1,86.3,,95.3,0,,13.5,31.8,9.9,0.1,24.37,Clear
"Boise, ID",07/26/2018,99.9,66.8,83.5,,95,0,,14.5,32.5,9.9,0.9,25.37,Clear
"Boise, ID",07/27/2018,98.9,66.6,83.6,,93.8,0,,12.6,31.8,9.9,0,22.46,Clear
"Boise, ID",07/28/2018,97.9,68.1,83.1,,93,0,,13.4,30.5,9.6,0.6,21.43,Clear
"Boise, ID",07/29/2018,97.1,63.8,82.5,,92.2,0,,12.5,32,9.9,0.7,23.31,Clear
"Boise, ID",07/30/2018,98.9,69.4,84.8,,94.3,0,,9.9,30.3,9.1,0.1,22.25,Clear
"Boise, ID",07/31/2018,96.7,75.5,86.1,,92.6,0,,10.1,29.8,7.4,1.9,24.28,Clear
"Boise, ID",08/01/2018,100.1,72.5,85.4,,95.9,0,,9.1,29.5,7.2,1.3,27.58,Clear
"Boise, ID",08/02/2018,93.8,66.9,80.8,,89.3,0,,12.4,29,7.2,0.1,25.69,Clear
"Boise, ID",08/03/2018,88.1,62.1,75.9,,84.3,0,,16.6,29.8,9.4,0.2,24.9,Clear
"Boise, ID",08/04/2018,87,57.2,72.4,,83.5,0,,15.6,29.7,9.9,0.2,33.4,Clear
"Boise, ID",08/05/2018,88.9,61.2,75.4,,85,0,,13.7,29.8,9.9,0.6,29.9,Clear
"Boise, ID",08/06/2018,92.8,62.3,78.2,,88.4,0,,11.1,29.6,9.9,0.2,25.77,Clear
"Boise, ID",08/07/2018,96.1,62.4,79.2,,91.4,0,,13.2,32.1,9.1,0,25.67,Clear
"Boise, ID",08/08/2018,100.9,67.3,84.6,,95.4,0,,10.7,29.3,9.7,0.6,21.01,Clear
"Boise, ID",08/09/2018,105,68.4,87.3,,99.8,0,,9.8,28.2,8.8,0.4,21.15,Clear
"Boise, ID",08/10/2018,107.9,75.1,90.8,,101.4,0,,14.1,29.6,9.1,0,18.82,Clear
"Boise, ID",08/11/2018,102.5,70.5,86.5,,97.1,0,,15.9,31.1,7.6,0.3,22.23,Clear
"Boise, ID",08/12/2018,87.1,62.8,74.5,,83.7,0,,13.2,31.5,9.9,0.6,34.33,Clear
"Boise, ID",08/13/2018,92.8,58.2,75.3,,88.5,0,,14.7,29.8,9.9,0.2,32.68,Clear
"Boise, ID",08/14/2018,93.7,60.3,76.5,,89.3,0,,14.5,29.9,7.8,0.3,32.9,Clear
"Boise, ID",08/15/2018,96.9,62.2,80.1,,92.3,0,,11,31.6,7,0,22.17,Clear
"Boise, ID",08/16/2018,98,70.3,83.5,,93.2,0,,10.7,33.3,8.3,0.2,23.03,Clear
"Boise, ID",08/17/2018,92.1,72.4,81.8,,88.3,0,,11.4,32.1,8.4,1.7,27.13,Clear
"Boise, ID",08/18/2018,89.9,62.7,76.2,,85.9,0,,13.3,33.8,7.5,0.1,30.85,Clear
"Boise, ID",08/19/2018,96,65.4,79.7,,91.2,0,,17.3,38.9,7.7,0.3,26.64,Clear
"Boise, ID",08/20/2018,88.9,62,75.2,,85.2,0,,25.9,42.5,5.6,0.2,33.14,Clear
"Boise, ID",08/21/2018,80.7,56.1,68.4,,79.7,0,,12.5,34.5,4.6,1.2,47.53,Clear
"Boise, ID",08/22/2018,86,58.7,72.1,,83.1,0,,9.6,32.1,4.3,0.6,37.25,Clear
"Boise, ID",08/23/2018,88.1,58.5,74.3,,84.4,0,,8.8,32.5,4.7,0.1,29.33,Clear
"Boise, ID",08/24/2018,83,59.4,71.6,,80.4,0,,13.6,30.3,7,0.3,28.8,Clear
"Boise, ID",08/25/2018,84.8,52.7,69.6,,81.7,0,,14.8,29.8,9.4,6,34.8,Clear
"Boise, ID",08/26/2018,71.9,56,66.6,,,0,,15.5,33.8,9.9,27.5,36.9,Partially cloudy
"Boise, ID",08/27/2018,71.8,56.1,63.5,,,0.01,,16.1,35.6,9.9,57.8,50.21,"Rain, Partially cloudy"
"Boise, ID",08/28/2018,78.1,47.7,62.6,45.2,,0,,9,29.8,9.9,0.1,49.64,Clear
"Boise, ID",08/29/2018,87.9,53.5,71.1,,84.2,0,,14.4,28.3,9.9,0.1,31.99,Clear
"Boise, ID",08/30/2018,87.1,63.6,74.7,,83.6,0,,15.5,27.9,9.9,0.7,24.25,Clear
"Boise, ID",08/31/2018,79.9,59.2,68.5,,,0,,14.5,27.1,9.9,2.6,37.5,Clear
"Boise, ID",09/01/2018,80.9,51.8,66.7,,79.1,0,,13.6,26.9,9.9,0,32.51,Clear
"Boise, ID",09/02/2018,84,54,68.8,,81.1,0,,12.4,26.6,9.9,0,26.41,Clear
"Boise, ID",09/03/2018,88,55.2,71.2,,84.2,0,,13.4,26.1,9.9,0,22.98,Clear
"Boise, ID",09/04/2018,88,54.2,70.6,,84.3,0,,10,25.8,9.9,0.1,37.32,Clear
"Boise, ID",09/05/2018,95.7,57.2,75.6,,90.9,0,,10.1,27.1,9.9,1.3,29.98,Clear
"Boise, ID",09/06/2018,93.8,66.4,80.3,,89.5,0,,14.5,28.1,9.9,0.1,23.61,Clear
"Boise, ID",09/07/2018,88.9,61.6,77.1,,85.3,0,,9.8,27.8,9.8,0,30.8,Clear
"Boise, ID",09/08/2018,84.8,64.3,73.6,,81.8,0,,15.6,25.2,9.8,0.1,29.59,Clear
"Boise, ID",09/09/2018,83.8,52.8,68.7,,81.1,0,,10.1,25.1,9.9,0,33.19,Clear
"Boise, ID",09/10/2018,82.1,53.5,68.8,,79.8,0,,11.8,24.6,9.9,0,27.44,Clear
"Boise, ID",09/11/2018,72.9,51.4,62.3,,,0,,16.8,24.8,9.9,0.2,42.3,Clear
"Boise, ID",09/12/2018,70.9,48.1,60.2,45.8,,0,,16.5,25,9.9,3,42.92,Clear
"Boise, ID",09/13/2018,71.8,53,62,,,0,,15.7,25.3,9.9,10.8,38.19,Clear
"Boise, ID",09/14/2018,82,48.3,65,45.9,79.6,0,,15.3,24.7,9.7,1.4,29.32,Clear
"Boise, ID",09/15/2018,76.8,57.6,64.1,,,0,,11.1,24.6,9.9,19.7,33.48,Clear
"Boise, ID",09/16/2018,75,49.6,63.2,46,,0,,10.8,24.2,9.9,0.1,34.96,Clear
"Boise, ID",09/17/2018,78,47.3,61.4,44.4,,0,,12.3,23.8,9.9,0.1,36.65,Clear
"Boise, ID",09/18/2018,79,46.3,62,46.1,,0,,13.6,23.6,9.9,0,41.49,Clear
"Boise, ID",09/19/2018,74.9,44.9,60.2,43.8,,0,,17.2,23,9.7,0.9,37.5,Clear
"Boise, ID",09/20/2018,71.9,44.1,58.9,42.8,,0,,12.4,26.5,9.9,0,37.62,Clear
"Boise, ID",09/21/2018,82,49.4,65,46.7,79.6,0,,11,26.9,9.9,0,24.72,Clear
"Boise, ID",09/22/2018,80.9,54.9,68.6,,78.9,0,,15.5,28.1,9.9,0,24.28,Clear
"Boise, ID",09/23/2018,69.2,52.9,60.1,,,0,,15.9,29.8,9.9,8.5,42.76,Clear
"Boise, ID",09/24/2018,68.2,38.1,54.4,36.1,,0,,16.9,30.6,9.9,0,39.58,Clear
"Boise, ID",09/25/2018,69.2,41,55.8,38.1,,0,,9,31.2,9.9,0,40.87,Clear
"Boise, ID",09/26/2018,74.1,43.6,58.5,40.1,,0,,8.8,32.5,9.9,0,34.67,Clear
"Boise, ID",09/27/2018,82,48.2,64.3,46.5,79.6,0,,8.5,34.2,9.9,0,26.87,Clear
"Boise, ID",09/28/2018,79,52.2,65,,,0,,10,36.2,9.8,0.1,34.56,Clear
"Boise, ID",09/29/2018,79.9,52.4,64.9,,,0,,9.6,37.5,9.1,0.8,33.23,Clear
"Boise, ID",09/30/2018,71.9,55.6,63.2,,,0,,14.3,38.2,9.9,21.8,40.75,Clear
"Boise, ID",04/01/2018,59.2,35.7,48.7,31.6,,0.01,,8.2,46.2,9.9,44,59.12,"Rain, Partially cloudy"
"Boise, ID",04/02/2018,54.1,32,41.7,23.9,,0.03,,26.2,47.9,9.9,56.3,47.43,"Rain, Partially cloudy"
"Boise, ID",04/03/2018,53,29.5,42.1,20.7,,0,,15.9,43.2,9.9,13.6,38.82,Clear
"Boise, ID",04/04/2018,62,42.4,51.4,40.8,,0,,10.1,46.2,9.9,83.4,45.36,Overcast
"Boise, ID",04/05/2018,60.2,48.1,53.9,47.2,,0.07,,7.6,48.9,9.7,97.3,58,"Rain, Overcast"
"Boise, ID",04/06/2018,59.2,48,52.7,47.2,,0.17,,6.9,51.2,9.5,77.9,75.74,"Rain, Overcast"
"Boise, ID",04/07/2018,63.1,50.1,54.9,,,0.23,,36,55.3,9.8,81.9,65.39,"Rain, Overcast"
"Boise, ID",04/08/2018,55.2,42.3,50.2,44.6,,0.01,,18.5,34.4,9.9,86.9,52.64,"Rain, Overcast"
"Boise, ID",04/09/2018,61.9,34.7,48.6,28.4,,0,,11,32.1,9.9,1.6,57.64,Clear
"Boise, ID",04/10/2018,69.1,45.8,55.5,39.4,,0,,19.4,34.2,9.9,35.3,49.37,Partially cloudy
"Boise, ID",04/11/2018,63,43.1,54.3,42.3,,0,,21.2,34.4,9.9,45.9,56.41,Partially cloudy
"Boise, ID",04/12/2018,51.2,34.4,44.1,24.5,,0.18,,25,37.8,9.6,91,57.87,"Rain, Overcast"
"Boise, ID",04/13/2018,53.2,35.1,45,30.7,,0,,13.6,35.8,9.9,57.4,54.56,Partially cloudy
"Boise, ID",04/14/2018,60.2,44.9,52.4,41.9,,0.01,,12.7,34.2,9.9,42.2,48.87,"Rain, Partially cloudy"
"Boise, ID",04/15/2018,68.1,47.1,58.1,43.2,,0,,17,33.3,9.9,61.2,40.86,Partially cloudy
"Boise, ID",04/16/2018,56,38.9,46.5,33.9,,0.23,,13.4,39.1,9.7,65.6,55.72,"Rain, Partially cloudy"
"Boise, ID",04/17/2018,53.1,33.1,42.3,27.2,,0,,18,38.4,9.9,48.9,50.08,Partially cloudy
"Boise, ID",04/18/2018,62,36.6,50.4,29.9,,0,,19.4,37.6,9.9,28.4,34.96,Partially cloudy
"Boise, ID",04/19/2018,68.1,43.2,54.8,39,,0,,24.9,36.7,9.9,32.6,42.65,Partially cloudy
"Boise, ID",04/20/2018,68.2,42.3,55.4,38.5,,0,,21.7,32.2,9.9,0,39.44,Clear
"Boise, ID",04/21/2018,70.1,44.5,57.6,40.6,,0,,14.7,31.7,9.9,9.3,42.53,Clear
"Boise, ID",04/22/2018,65,41.2,52.7,37.8,,0,,21.3,29.8,9.9,16.1,38.79,Clear
"Boise, ID",04/23/2018,64.2,38.2,51.6,31.8,,0,,19.3,30.6,9.9,3.9,40.43,Clear
"Boise, ID",04/24/2018,68.2,43.7,55.8,39.7,,0,,15,36.4,9.9,4.1,44.9,Clear
"Boise, ID",04/25/2018,75.8,44.6,60.3,39.4,,0,,13.4,36.9,9.9,0,37.48,Clear
"Boise, ID",04/26/2018,80.9,47.4,64.1,44.9,79.1,0,,13.4,43.8,9.9,0,36.84,Clear
"Boise, ID",04/27/2018,89.4,50.7,68.2,,85.4,0,,17.7,48.3,9.9,9.2,34.79,Clear
"Boise, ID",04/28/2018,65.9,50.2,59.9,,,0,,16.6,34.4,9.9,34.6,39.51,Partially cloudy
"Boise, ID",04/29/2018,57.7,44.8,50.5,39.6,,0,,19.3,33.3,9.9,43.6,59.89,Partially cloudy
"Boise, ID",04/30/2018,59.4,38.2,49.1,33.8,,0.02,,19.3,36.7,9.9,18.7,60.92,Rain
"Boise, ID",05/01/2018,64.1,38.3,51.9,35.4,,0,,17.8,31.1,9.9,7.4,52.09,Clear
"Boise, ID",05/02/2018,69.1,36.1,54.3,31.5,,0,,20.4,31.1,9.9,0.1,49.41,Clear
"Boise, ID",05/03/2018,74.1,42.3,59.1,40.9,,0,,12.3,32.5,9.9,0.2,43.61,Clear
"Boise, ID",05/04/2018,81,47.8,66.2,,79.2,0,,8.6,33.1,9.9,3.3,40.17,Clear
"Boise, ID",05/05/2018,79.8,54.9,67.7,,,0,,11,33.3,9.9,7.1,41.01,Clear
"Boise, ID",05/06/2018,82,52.6,68.2,,80.4,0,,18.1,37.8,9.9,0.1,45.31,Clear
"Boise, ID",05/07/2018,78.1,47.9,63.8,47.1,,0,,16.8,37.3,9.9,0,46.14,Clear
"Boise, ID",05/08/2018,84,51.6,68.6,,81.3,0,,15,36.9,9.9,0.2,41.27,Clear
"Boise, ID",05/09/2018,76,58.9,67.5,,,0,,17.7,36.7,9.9,20.2,49.31,Clear
"Boise, ID",05/10/2018,68.1,49.2,58.4,,,0,,24.9,35.6,9.9,13.3,56.91,Clear
"Boise, ID",05/11/2018,57.8,43.2,50.1,37.9,,0.18,,20.6,34.4,9.4,53,67.35,"Rain, Partially cloudy"
"Boise, ID",05/12/2018,64.4,45.1,54.2,42,,0,,16.5,34.6,9.9,75.7,68.55,Overcast
"Boise, ID",05/13/2018,66.9,48.9,55.8,45.5,,0.24,,13.6,40.3,9.7,75.1,73.27,"Rain, Overcast"
"Boise, ID",05/14/2018,77.1,46.8,62,44.2,,0,,9.9,32.8,9.9,1.4,55.72,Clear
"Boise, ID",05/15/2018,77.1,55.7,64.5,,,0.13,,16,29.8,9.9,34.4,52.91,"Rain, Partially cloudy"
"Boise, ID",05/16/2018,75.9,56.2,64,,,0.29,,19.3,36.6,9.6,61.8,60.44,"Rain, Partially cloudy"
"Boise, ID",05/17/2018,68.8,55.3,60.8,,,0,,14.4,34.5,9.9,64.7,77.5,Partially cloudy
"Boise, ID",05/18/2018,75,55.3,63.5,,,0.01,,13.9,34.1,9.9,55.6,63.36,"Rain, Partially cloudy"
"Boise, ID",05/19/2018,78.2,51.7,65,,,0,,8.9,33.8,9.9,12.8,54.33,Clear
"Boise, ID",05/20/2018,71.1,57.6,63.3,,,0.11,,12.7,33.2,9.7,85.4,66.2,"Rain, Overcast"
"Boise, ID",05/21/2018,77.2,53.9,66,,,0,,11.5,32.8,9.9,29.7,65.31,Partially cloudy
"Boise, ID",05/22/2018,79.1,55.2,67.4,,,0,,20.1,32.2,9.8,1.4,57.56,Clear
"Boise, ID",05/23/2018,79.9,59.9,67.6,,,0.05,,20.4,31.1,9.6,50.4,59.29,"Rain, Partially cloudy"
"Boise, ID",05/24/2018,84,56.7,70.8,,81.9,0.01,,16.4,30.1,9.9,12.3,56.09,Rain
"Boise, ID",05/25/2018,86.8,60.3,70.7,,84.2,0,,27,40.3,9.8,12.5,52.09,Clear
"Boise, ID",05/26/2018,71.9,55.1,61.9,,,0.06,,19.6,29.8,9.9,45.9,70.57,"Rain, Partially cloudy"
"Boise, ID",05/27/2018,82.1,50.6,65.7,,80.7,0.18,,21.4,39.1,9.9,14.4,60.54,Rain
"Boise, ID",05/28/2018,83,57.8,68.3,,81,0,,14.6,26.4,9.9,16.4,65.06,Clear
"Boise, ID",05/29/2018,84.1,54.1,70.5,,81.3,0,,13.5,31.1,9.9,5.5,41.16,Clear
"Boise, ID",05/30/2018,78.8,52.3,64.6,,,0.02,,16.2,39.1,9.8,11.9,55.64,Rain
"Boise, ID",05/31/2018,67.4,53.9,60.1,,,0,,16.8,36.7,9.9,28.9,65.78,Partially cloudy
"Boise, ID",06/01/2018,69.2,45.2,58.1,43.7,,0,,13.3,31.1,9.9,9.8,46.85,Clear
"Boise, ID",06/02/2018,82.2,50.9,67.3,,79.9,0,,9.8,48.2,9.9,0.1,35.48,Clear
"Boise, ID",06/03/2018,91.3,58.8,75.5,,87.1,0,,13.4,52.8,9.9,3.6,32.14,Clear
"Boise, ID",06/04/2018,87,59.2,74.1,,84.2,0,,20,47.2,9.9,5.3,39.1,Clear
"Boise, ID",06/05/2018,81,54,68.5,,79.3,0,,14.9,48.1,9.9,0,37.23,Clear
"Boise, ID",06/06/2018,89.6,55.9,72.2,,85.6,0,,12.3,51.7,9.9,0,38.46,Clear
"Boise, ID",06/07/2018,84.9,63.7,72,,82.4,0.08,,19.4,52.3,9.9,14.8,45.52,Rain
"Boise, ID",06/08/2018,89,56.2,73.1,,85.4,0,,13.1,53.2,9.9,10,49.01,Clear
"Boise, ID",06/09/2018,76.8,52.8,65.5,,,0.04,,29,43.6,9.7,41.1,48.56,"Rain, Partially cloudy"
"Boise, ID",06/10/2018,64,45,54,41,,0,,19.3,31.1,9.8,55.8,49.66,Partially cloudy
"Boise, ID",06/11/2018,70.1,53,61.2,,,0,,17.8,32.2,9.8,43.8,35.61,Partially cloudy
"Boise, ID",06/12/2018,83,46.6,65.2,42.3,80.3,0,,12,48.2,9.9,0.1,28.42,Clear
"Boise, ID",06/13/2018,91.1,58.7,74.7,,87,0,,14.7,46.7,9.9,0.1,26.22,Clear
"Boise, ID",06/14/2018,74.9,53.9,65.4,,,0,,18.1,32.2,9.9,6.9,35.36,Clear
"Boise, ID",06/15/2018,76,55.2,66.4,,,0,,10.2,31.8,9.9,23.9,39.01,Clear
"Boise, ID",06/16/2018,77,53.8,66.5,,,0,,9.5,31.2,9.9,12.9,40.57,Clear
"Boise, ID",06/17/2018,62.8,52.2,55.7,,,0.14,,15.9,29.5,9.3,98,82.2,"Rain, Overcast"
"Boise, ID",06/18/2018,73.1,56,62.3,,,0.03,,12.3,30.5,9.9,82.4,68.79,"Rain, Overcast"
"Boise, ID",06/19/2018,78.1,55.4,66.5,,,0,,9.9,32.1,9.9,38.5,61.13,Partially cloudy
"Boise, ID",06/20/2018,86.1,57.6,73,,83.1,0,,12.9,33.3,9.9,16.6,48.25,Clear
"Boise, ID",06/21/2018,80.9,60.2,71.5,,80.2,0,,16.9,34.1,9.9,16.9,54.34,Clear
"Boise, ID",06/22/2018,88.9,59.8,75.3,,85.5,0,,19,34.2,9.9,2.5,45.36,Clear
"Boise, ID",06/23/2018,79.1,59.2,70.1,,,0,,20.4,34.4,9.9,0.5,39.99,Clear
"Boise, ID",06/24/2018,86.1,53.3,71.9,,83.3,0,,9.9,38.2,9.9,0,41.89,Clear
"Boise, ID",06/25/2018,93.6,64.9,79.1,,89.7,0,,20.5,37.6,9.9,0.1,33.49,Clear
"Boise, ID",06/26/2018,82.9,56.2,69.7,,80.2,0,,16.7,38.5,9.5,0,31.65,Clear
"Boise, ID",06/27/2018,91.9,56.4,75.7,,87.9,0,,11,37.2,9.9,0,27.39,Clear
"Boise, ID",06/28/2018,80.7,61.2,71.2,,79.3,0,,18.2,37.8,9.7,2.4,32.02,Clear
"Boise, ID",06/29/2018,78.1,55.3,67.1,,,0,,15.7,36.4,9.9,3.5,39.76,Clear
"Boise, ID",06/30/2018,82.2,53.9,69.3,,79.9,0,,15.8,35.8,9.9,0,39.04,Clear
"Boise, ID",01/01/2019,29.9,15.1,21.9,2.8,,0,,10.2,29.3,9.9,9.2,61.29,Clear
"Boise, ID",01/02/2019,30.9,18,24.6,5.6,,0,,13.8,17.2,9.9,49,61.03,Partially cloudy
"Boise, ID",01/03/2019,38,19.1,27.1,12.1,,0,,12.7,17.2,9.9,9.8,66.28,Clear
"Boise, ID",01/04/2019,37.1,24.2,30.4,18,,0,,9.2,17.6,9.9,0,66.55,Clear
"Boise, ID",01/05/2019,44.9,24.2,32.4,17.2,,0,,26,35.7,9.8,27.1,70.27,Partially cloudy
"Boise, ID",01/06/2019,46.1,37.2,41.4,28.7,,0,,19.5,31.1,9.9,84.3,57.49,Overcast
"Boise, ID",01/07/2019,39.9,28.9,34.5,19.8,,0.02,,13.7,31.1,9.9,26.2,66.99,"Rain, Partially cloudy"
"Boise, ID",01/08/2019,44.9,28.1,35.4,18.7,,0,,18.3,25.3,9.9,37.2,56.96,Partially cloudy
"Boise, ID",01/09/2019,50,36,43.6,30.7,,0,,18.1,28,9.9,77.1,59.07,Overcast
"Boise, ID",01/10/2019,52.1,34,41.7,26.7,,0.01,,12.6,24.6,9.9,33.8,74.24,"Rain, Partially cloudy"
"Boise, ID",01/11/2019,47.9,28.1,36.6,19.8,,0,,16,18.3,9.9,0.1,73,Clear
"Boise, ID",01/12/2019,41,25.2,31.8,16.5,,0,,9.2,18.3,9.9,12,72.5,Clear
"Boise, ID",01/13/2019,37.1,21.8,27.8,14.5,,0,,9.1,15.6,9.8,14.6,75.32,Clear
"Boise, ID",01/14/2019,35.1,19.9,26.4,10.6,,0,,11.4,12.8,9.9,5.9,74.54,Clear
"Boise, ID",01/15/2019,38.8,24.1,29.1,18.3,,0.09,,7,31.4,7.3,44.9,83.38,"Rain, Partially cloudy"
"Boise, ID",01/16/2019,44.9,24.2,35.3,18.3,,0.1,,21.8,33.7,7.7,64.4,84.67,"Rain, Partially cloudy"
"Boise, ID",01/17/2019,51.2,41,46.1,34.1,,0,,21.8,31.1,9.9,60.5,63.8,Partially cloudy
"Boise, ID",01/18/2019,45,37.2,40.9,29,,0.01,,15.9,26.4,9.8,56.6,61.4,"Rain, Partially cloudy"
"Boise, ID",01/19/2019,44.1,35.6,40.4,26.7,,0.78,,16.1,25.3,8.8,85.8,94.22,"Rain, Overcast"
"Boise, ID",01/20/2019,54,37.1,43.6,33.9,,0.05,,18.1,27.4,6.7,69.6,81.3,"Rain, Partially cloudy"
"Boise, ID",01/21/2019,41,29.1,34.6,19.4,,0,,27.6,40.9,9.9,14.4,66.44,Clear
"Boise, ID",01/22/2019,38.1,23,30.9,16.9,,0,,10.2,26.3,9.9,52.4,65.32,Partially cloudy
"Boise, ID",01/23/2019,43,30.4,35.9,23.1,,0.01,,12.7,11.4,9.3,81.5,76.68,"Rain, Overcast"
"Boise, ID",01/24/2019,47.1,29.9,36.2,24.3,,0,,13.8,19.4,9.2,46.1,79.21,Partially cloudy
"Boise, ID",01/25/2019,46.1,29,35.5,23.9,,0,,12.7,21.9,9.9,4.9,76.19,Clear
"Boise, ID",01/26/2019,49.9,26.9,36.3,27.6,,0,,12.7,21.4,9.7,0,73.41,Clear
"Boise, ID",01/27/2019,48.8,32,38.6,24.6,,0,,13.6,20.9,9.7,0,71.26,Clear
"Boise, ID",01/28/2019,45,25.1,33.4,20.5,,0,,14.8,20.7,8,0.1,69.87,Clear
"Boise, ID",01/29/2019,43,24.2,31.6,15.3,,0,,10.2,12.6,9.9,0.2,61.59,Clear
"Boise, ID",01/30/2019,43.1,24.1,31.6,18,,0,,10.3,11.9,9.9,0.4,61.96,Clear
"Boise, ID",01/31/2019,46.1,26.9,34.5,17.9,,0,,11.3,11.4,9.9,0.1,63.6,Clear
"Boise, ID",02/01/2019,55,27,37.3,21.5,,0,,15.9,24.2,9.9,5.2,66.76,Clear
"Boise, ID",02/02/2019,49.9,37.1,41.7,31.7,,0.46,,13.8,21.9,6.9,90.4,84.98,"Rain, Overcast"
"Boise, ID",02/03/2019,48.9,39.8,43.6,35.7,,0.35,,17.2,27.7,9.4,85.2,75.74,"Rain, Overcast"
"Boise, ID",02/04/2019,46.1,35.1,40.9,28.5,,0.08,,19.6,33.8,9.3,56.1,73.54,"Rain, Partially cloudy"
"Boise, ID",02/05/2019,37.1,28.2,32.5,20.9,,0.08,,13.8,16.1,9.3,51.2,73.28,"Rain, Partially cloudy"
"Boise, ID",02/06/2019,32,20.1,27.1,7.4,,0,,19.6,29.8,9.4,59.2,63.92,Partially cloudy
"Boise, ID",02/07/2019,30.8,14,22.3,6.2,,0,,10.3,24.5,9.9,0,57.1,Clear
"Boise, ID",02/08/2019,34.1,19.1,25.9,6.3,,0.01,,17.1,23.9,9.4,46.9,63.86,"Rain, Partially cloudy"
"Boise, ID",02/09/2019,36,29.9,33.4,16.5,,0.02,,25.1,38.9,8.5,82.2,70.43,"Rain, Overcast"
"Boise, ID",02/10/2019,37.9,28.1,30.9,20.4,,0.07,,18.3,25.3,9.2,71.3,65.34,"Rain, Partially cloudy"
"Boise, ID",02/11/2019,35.1,26.1,30.8,12.1,,0,,20.7,30.4,9,81.5,71.07,Overcast
"Boise, ID",02/12/2019,39.9,28.9,34.9,18.7,,0,,18.3,27.7,9.9,40.6,56.21,Partially cloudy
"Boise, ID",02/13/2019,37.1,35.1,36.6,25.9,,0.54,,21.6,25.3,8.7,84.6,88.29,"Rain, Overcast"
"Boise, ID",02/14/2019,52.1,37.1,43.7,31.1,,0.37,,22.8,38.8,9.3,75.5,80.09,"Rain, Overcast"
"Boise, ID",02/15/2019,42.2,33.1,38.8,26.2,,0,,14,25.3,9.9,52,62.73,Partially cloudy
"Boise, ID",02/16/2019,38.9,30.9,33.6,21.7,,0.02,,12.8,24.8,8.9,73.2,78.48,"Rain, Partially cloudy"
"Boise, ID",02/17/2019,36,28.2,31.9,20.9,,0,,10.2,24.6,9.3,52.2,82.69,Partially cloudy
"Boise, ID",02/18/2019,34.1,22,27.9,13.3,,0,,17.1,24.2,9.9,34.3,67.34,Partially cloudy
"Boise, ID",02/19/2019,32,18.1,26.2,11.1,,0.04,,10.2,23.6,7.9,68.3,74.93,"Rain, Partially cloudy"
"Boise, ID",02/20/2019,35.1,21.9,28.8,13.5,,0.35,,9.2,23.1,4.9,62.6,86.49,"Rain, Partially cloudy"
"Boise, ID",02/21/2019,32,21.9,28.1,14.7,,0.03,,12.7,23.6,8.4,59.9,79.15,"Rain, Partially cloudy"
"Boise, ID",02/22/2019,35,11.2,24.1,1.7,,0,,11.3,21.2,9.9,22.1,67.89,Clear
"Boise, ID",02/23/2019,36,29.1,32.6,17.5,,0.01,,16,21.7,8.4,86,73,"Rain, Overcast"
"Boise, ID",02/24/2019,42.2,33.5,37.5,24.7,,0.16,,19.5,20.8,8.9,95.7,83.88,"Rain, Overcast"
"Boise, ID",02/25/2019,48.9,38.1,43.2,28.7,,0.1,,20.8,34.4,9.9,90.3,70.14,"Rain, Overcast"
"Boise, ID",02/26/2019,45,29.1,33.7,20.6,,0.39,,12.7,35.7,5.7,77.8,88.4,"Rain, Overcast"
"Boise, ID",02/27/2019,49.7,30.9,38.5,25.6,,0.44,,20.7,40.6,5.3,70.8,77.27,"Rain, Partially cloudy"
"Boise, ID",02/28/2019,46.1,29.9,40.1,27.6,,0.18,,19.6,29.1,8.4,58.1,77.38,"Rain, Partially cloudy"
"Boise, ID",03/01/2019,46.1,28.1,35,17.1,,0,,13.7,21.3,9.9,48,60.96,Partially cloudy
"Boise, ID",03/02/2019,43.1,24.2,33.5,17.7,,0,,10.2,13.2,9.9,5.5,67.16,Clear
"Boise, ID",03/03/2019,43.1,24.2,32.9,19.2,,0,,11.2,12.8,9.9,37.8,63.49,Partially cloudy
"Boise, ID",03/04/2019,47.9,28.1,37.1,21.1,,0,,17.1,21.9,9.9,58,56.93,Partially cloudy
"Boise, ID",03/05/2019,49.9,28.2,38.3,16.7,,0.06,,18.3,29.1,9.6,46.6,57.58,"Rain, Partially cloudy"
"Boise, ID",03/06/2019,52.1,36,44.3,30.3,,0.09,,23.9,33.4,7.5,72.8,80.2,"Rain, Partially cloudy"
"Boise, ID",03/07/2019,46.1,36,42.9,33.4,,0.01,,12.7,21.8,9.9,84,65.06,"Rain, Overcast"
"Boise, ID",03/08/2019,43.1,29,34.7,23,,0,,16,31.1,9.9,41.2,61.17,Partially cloudy
"Boise, ID",03/09/2019,39.8,25,33,17.6,,0,,15.9,20.8,9.6,62.5,64.52,Partially cloudy
"Boise, ID",03/10/2019,46.1,28.2,37.3,26.6,,0,,10.2,16.1,9.9,28.4,63.8,Partially cloudy
"Boise, ID",03/11/2019,51.1,25,37.5,17.2,,0,,9.1,17.4,9.9,0,56.1,Clear
"Boise, ID",03/12/2019,49.9,33.1,38.5,23.5,,0.07,,20.5,28.2,9.5,36.1,60.6,"Rain, Partially cloudy"
"Boise, ID",03/13/2019,44.1,29.1,35.7,17.9,,0,,25.1,41.4,9.9,54.8,61.9,Partially cloudy
"Boise, ID",03/14/2019,46.1,24.2,34.9,17.7,,0,,12.6,17.2,9.9,0,49.01,Clear
"Boise, ID",03/15/2019,53.1,28.9,40.4,21.9,,0,,8,15.2,9.9,7.9,44.76,Clear
"Boise, ID",03/16/2019,57.9,30.8,43.8,25.9,,0,,11.4,12.8,9.9,0.2,47.39,Clear
"Boise, ID",03/17/2019,57.8,33.1,44.6,26.1,,0,,10.2,15.7,9.9,0,50.6,Clear
"Boise, ID",03/18/2019,62.1,35,47.6,28.5,,0,,11.3,15,9.9,0,47.1,Clear
"Boise, ID",03/19/2019,65.1,37,50.3,29.9,,0,,16,26.4,9.9,0,36.84,Clear
"Boise, ID",03/20/2019,65.9,34.1,50.9,27.3,,0,,21.9,35,9.9,8,31.78,Clear
"Boise, ID",03/21/2019,61.1,37.1,50.6,30.5,,0,,9.1,21.1,9.9,49.1,34.78,Partially cloudy
"Boise, ID",03/22/2019,61.1,42.2,51.6,42.7,,0,,14.7,17.2,9.9,75.5,52.19,Overcast
"Boise, ID",03/23/2019,57.8,41,49.7,36.4,,0.07,,10.3,21.9,9.7,60.9,69.73,"Rain, Partially cloudy"
"Boise, ID",03/24/2019,51.2,40.9,45.1,35.8,,0.53,,8.7,21.3,8.8,58.9,76.87,"Rain, Partially cloudy"
"Boise, ID",03/25/2019,61.1,38.9,50.3,31.7,,0,,28.8,42,9.9,0.2,48.03,Clear
"Boise, ID",03/26/2019,57.8,43.1,49.6,40.4,,0.1,,13.8,21.9,9.6,54.8,66.87,"Rain, Partially cloudy"
"Boise, ID",03/27/2019,61,44.1,49.9,40.2,,0.15,,19.6,33.3,9.1,50.7,76.22,"Rain, Partially cloudy"
"Boise, ID",03/28/2019,54,38.9,46.4,35.6,,0.23,,17.2,20.8,9.7,48.6,69.19,"Rain, Partially cloudy"
"Boise, ID",03/29/2019,55.1,38,45.8,35.7,,0,,20.6,28.6,9.9,30.5,64.7,Partially cloudy
"Boise, ID",03/30/2019,57.8,35.1,46.4,31,,0,,7.9,28.4,9.9,28.1,57.74,Partially cloudy
"Boise, ID",03/31/2019,60.1,37,48.4,30.4,,0,,9.1,30.1,9.9,2.1,49.58,Clear
"Boise, ID",10/01/2018,70,51.6,60.4,,,0,,14.3,30.4,9.3,18.5,45.08,Clear
"Boise, ID",10/02/2018,73.1,57.7,65.5,,,0,,8.9,30.9,9.8,52.1,42.15,Partially cloudy
"Boise, ID",10/03/2018,70.9,53.8,62.4,,,0,,12.5,31,9.8,46.3,49.24,Partially cloudy
"Boise, ID",10/04/2018,60.1,44.9,51.8,43.8,,0.29,,14.9,31.1,8.3,85.2,88.6,"Rain, Overcast"
"Boise, ID",10/05/2018,61.1,39.6,50.2,34.3,,0,,9,30.7,8.7,52.2,72.83,Partially cloudy
"Boise, ID",10/06/2018,56.1,47.9,51.4,41.5,,0.05,,17.1,31,7.8,91.9,78.26,"Rain, Overcast"
"Boise, ID",10/07/2018,62,39.2,50.5,35.3,,0,,19.5,31.1,6.7,5.7,61.03,Clear
"Boise, ID",10/08/2018,60.2,38,49.5,35.8,,0,,12.5,30.8,9.4,43.2,57.23,Partially cloudy
"Boise, ID",10/09/2018,53.8,44.1,48.8,39.4,,0.9,,15.9,31.1,6.9,93.7,81.56,"Rain, Overcast"
"Boise, ID",10/10/2018,53.9,39.3,46.9,35.7,,0,,6.8,30.2,9,69.7,76.98,Partially cloudy
"Boise, ID",10/11/2018,57.1,37.3,46.9,34.8,,0,,13.7,38.4,9.8,4.2,69.04,Clear
"Boise, ID",10/12/2018,62.8,37.7,49,32,,0,,9.6,39.8,9.8,0.1,58.98,Clear
"Boise, ID",10/13/2018,59.1,35.8,48.2,35.5,,0,,24.8,40.3,9.9,1.7,54.28,Clear
"Boise, ID",10/14/2018,53.1,30.8,42.1,27.9,,0,,12.5,41.1,9.4,0,55.25,Clear
"Boise, ID",10/15/2018,57,31.8,43.5,26.5,,0,,12.6,40.3,9.9,0.9,45.96,Clear
"Boise, ID",10/16/2018,62,37.6,48.7,31.8,,0,,11,39.8,9.7,0.2,44.91,Clear
"Boise, ID",10/17/2018,65,38.5,50.4,33,,0,,9.8,39.6,9.5,0,51.5,Clear
"Boise, ID",10/18/2018,66.8,42.4,52.6,37.5,,0,,10.9,38.5,7.2,1.2,53.09,Clear
"Boise, ID",10/19/2018,68.1,42.5,54.4,40,,0,,9.9,38.9,6.6,2.2,52.05,Clear
"Boise, ID",10/20/2018,71.7,44.4,55.6,41.6,,0,,9.9,39.2,7.1,1.2,51.11,Clear
"Boise, ID",10/21/2018,69,43.5,54.3,42.8,,0,,9.8,37.9,7.2,0.1,53.99,Clear
"Boise, ID",10/22/2018,72.8,48.1,58,46.5,,0,,11,37.6,8.8,23.5,47.75,Clear
"Boise, ID",10/23/2018,68.4,47,57.7,44.9,,0,,14.5,31.2,9.6,35.7,63.82,Partially cloudy
"Boise, ID",10/24/2018,66.8,48.8,57.8,45.8,,0,,19.3,29.8,9.8,27.9,57.39,Partially cloudy
"Boise, ID",10/25/2018,64.1,40.8,53.6,46.1,,0,,8.7,28.3,9.9,6.2,55.33,Clear
"Boise, ID",10/26/2018,70,50.8,58.7,,,0,,10,29,9.8,50.5,55.15,Partially cloudy
"Boise, ID",10/27/2018,66,45.9,56,47,,0,,11.1,29.1,9.6,27.9,71.27,Partially cloudy
"Boise, ID",10/28/2018,66,50,57,,,0,,17,28.9,9.9,27.8,59.12,Partially cloudy
"Boise, ID",10/29/2018,55.3,39.9,47.7,38.1,,0.02,,15.6,27.6,9.6,49,63.68,"Rain, Partially cloudy"
"Boise, ID",10/30/2018,53.1,32.1,42.3,25.8,,0,,13.5,27.9,9.2,4.6,64.43,Clear
"Boise, ID",10/31/2018,48.9,36.8,44.1,31.6,,0.01,,9.9,28.5,9.5,68.4,62.89,"Rain, Partially cloudy"
"Boise, ID",11/01/2018,59,43.1,49.6,40.8,,0,,6.8,22.4,9.4,62.9,78.99,Partially cloudy
"Boise, ID",11/02/2018,60.2,44.9,50.8,41.4,,0.02,,11.5,28.9,9.9,18.4,72.13,Rain
"Boise, ID",11/03/2018,55.1,35.1,45.8,31.1,,0,,12.7,21.9,9.9,26.9,60.67,Partially cloudy
"Boise, ID",11/04/2018,59,43.1,50.1,38.9,,0,,12.7,20.8,9.9,59.7,56.36,Partially cloudy
"Boise, ID",11/05/2018,53.1,32,42.3,28.8,,0,,13.8,23,9.9,35.2,60.25,Partially cloudy
"Boise, ID",11/06/2018,51.2,33.9,41.3,26.6,,0,,14.9,23,9.9,45.1,61.04,Partially cloudy
"Boise, ID",11/07/2018,48,30.7,38.1,24.1,,0,,14.9,23.4,9.9,35.8,62.31,Partially cloudy
"Boise, ID",11/08/2018,46.1,24.3,34.1,20.5,,0,,17,15,9.9,0.1,58.17,Clear
"Boise, ID",11/09/2018,47.9,26.1,36.3,17.7,,0,,12.7,12.8,9.9,6.9,46.5,Clear
"Boise, ID",11/10/2018,51.1,26,37,22.8,,0,,21.9,36.1,9.9,7.3,52.32,Clear
"Boise, ID",11/11/2018,44.1,20.9,32.3,17.3,,0,,13.8,15,9.9,0,59.42,Clear
"Boise, ID",11/12/2018,46.1,26,34,16.8,,0,,10.2,14.3,9.9,0.1,46.74,Clear
"Boise, ID",11/13/2018,48.9,26,36.2,20,,0,,8,13.8,9.9,0,45.22,Clear
"Boise, ID",11/14/2018,47.9,26,35.2,20.4,,0,,9.1,13.4,9.9,0.3,50.99,Clear
"Boise, ID",11/15/2018,52,28,38,21.7,,0,,8,12.8,9.9,0.5,49.67,Clear
"Boise, ID",11/16/2018,52.1,28.9,40.3,22.8,,0,,12.7,11.4,9.7,21,57.91,Clear
"Boise, ID",11/17/2018,48,30,38.6,25.4,,0,,8,11.4,9.8,10.4,66.65,Clear
"Boise, ID",11/18/2018,47.9,26.1,35.1,20,,0,,10.2,12.3,9.9,0.3,66.65,Clear
"Boise, ID",11/19/2018,46.1,25,33.6,15.6,,0,,10.2,13.2,9.9,0,61.62,Clear
"Boise, ID",11/20/2018,47,26,34,18.3,,0,,9.1,13.8,9.9,0.1,59.58,Clear
"Boise, ID",11/21/2018,42.2,26,34.1,19.8,,0,,10.1,24.7,9.6,27.9,56.13,Partially cloudy
"Boise, ID",11/22/2018,54,34,44.8,26.2,,0.04,,16,29.9,9.8,72.9,58.49,"Rain, Partially cloudy"
"Boise, ID",11/23/2018,45,34.1,39.8,28.1,,0.16,,18.3,36.7,9.7,69,81.84,"Rain, Partially cloudy"
"Boise, ID",11/24/2018,45,29.9,37.7,24,,0.01,,17.2,20.8,9.9,47.2,71.62,"Rain, Partially cloudy"
"Boise, ID",11/25/2018,45,27,34.6,20.5,,0,,12.7,18.8,9.9,0,67.85,Clear
"Boise, ID",11/26/2018,43.1,26.1,35,18.2,,0,,11.2,17.9,9.9,15.3,63.64,Clear
"Boise, ID",11/27/2018,47,35.9,40.7,28.1,,0.14,,16,17.2,9.2,80,67.13,"Rain, Overcast"
"Boise, ID",11/28/2018,46.9,34.1,38.7,30.4,,0.02,,9.1,17.5,2.9,67.9,92.51,"Rain, Partially cloudy"
"Boise, ID",11/29/2018,39.8,30.9,35.8,26,,0,,8,28.5,5.8,78.9,91.31,Overcast
"Boise, ID",11/30/2018,41,33.3,37.2,27.2,,0.31,,17.1,31.1,8.2,84.7,89.89,"Rain, Overcast"
"Boise, ID",12/01/2018,38.1,32.2,35.2,25.2,,0.31,,16.8,30.8,7.7,96.9,87.68,"Rain, Overcast"
"Boise, ID",12/02/2018,34.2,29.1,31.8,23.2,,0.39,,11.3,30.1,3.9,96.9,91.66,"Rain, Overcast"
"Boise, ID",12/03/2018,37.1,23.2,29.3,15.5,,0,,7.9,28.2,9.7,54.3,84.57,Partially cloudy
"Boise, ID",12/04/2018,30.9,17.2,23,3.3,,0,,13.6,27,9.9,5.3,77.35,Clear
"Boise, ID",12/05/2018,27.1,14.2,18.8,3.4,,0,,11,29.1,8.8,0.2,74.08,Clear
"Boise, ID",12/06/2018,26.7,11.9,18.1,1.1,,0,,9.7,30.1,8.3,16.1,71.04,Clear
"Boise, ID",12/07/2018,29.1,14.1,21.6,5.5,,0,,10.7,28.9,9.8,39.1,71.39,Partially cloudy
"Boise, ID",12/08/2018,30.1,19.2,25.6,15.4,,0,,5.8,29.3,7,68.7,79.6,Partially cloudy
"Boise, ID",12/09/2018,36.4,28.2,31.6,17.8,,0,,18,29.9,8.6,32.7,74.91,Partially cloudy
"Boise, ID",12/10/2018,34.2,25.4,30.7,20.8,,0,,9.2,29.6,9,75.9,80.8,Overcast
"Boise, ID",12/11/2018,38.1,29.9,33.8,22.9,,0,,19.5,29.8,7.9,94.1,77.95,Overcast
"Boise, ID",12/12/2018,40.2,28,35,19.4,,0.06,,16.1,32.2,9.2,40.8,76.5,"Rain, Partially cloudy"
"Boise, ID",12/13/2018,38.2,26.1,31.8,17.6,,0,,15.5,36.8,9.9,21,62.13,Clear
"Boise, ID",12/14/2018,43.6,27,34.8,16.8,,0.01,,30.2,42.4,9.9,28.5,60.19,"Rain, Partially cloudy"
"Boise, ID",12/15/2018,41.1,32,36.8,23.5,,0,,16.3,42.8,9.9,46.9,73.36,Partially cloudy
"Boise, ID",12/16/2018,47.8,33,40.1,23.7,,0,,18.8,43.6,9.9,39.6,62.23,Partially cloudy
"Boise, ID",12/17/2018,49.9,37.1,41.2,31,,0.15,,13,28.9,8.2,84.5,83.71,"Rain, Overcast"
"Boise, ID",12/18/2018,49.6,38.6,42.7,31.1,,0.17,,18.8,29.8,9.8,83.9,80.28,"Rain, Overcast"
"Boise, ID",12/19/2018,48.9,34.9,41.3,31.4,,0,,14.4,29.6,9.9,41.3,68.08,Partially cloudy
"Boise, ID",12/20/2018,50.9,32.2,41.4,26.1,,0,,19,29.8,9.9,27,62.94,Partially cloudy
"Boise, ID",12/21/2018,41.1,29.1,36,21.7,,0.01,,18.3,30.1,9.8,56.6,73.61,"Rain, Partially cloudy"
"Boise, ID",12/22/2018,38,21.8,30.8,13.6,,0,,11.1,29.8,9.7,17,63.97,Clear
"Boise, ID",12/23/2018,35.9,32.2,34.9,25.3,,0.05,,16.9,29.8,9.4,91.1,70.72,"Rain, Overcast"
"Boise, ID",12/24/2018,43.7,35,37.8,28.5,,0.14,,9.2,28.9,8,80.2,88.09,"Rain, Overcast"
"Boise, ID",12/25/2018,43.1,29.2,35.5,22.3,,0,,20.7,31.1,6.2,23,83.36,Clear
"Boise, ID",12/26/2018,38,22.1,29.8,16.1,,0.03,,7.8,30.7,9,48.7,74.73,"Rain, Partially cloudy"
"Boise, ID",12/27/2018,37.1,26.9,31,15.7,,0.01,,18,29.8,8.1,63.9,80.84,"Rain, Partially cloudy"
"Boise, ID",12/28/2018,34.2,23.1,28.2,12.6,,0,,14.7,19.2,9.7,14.3,66.05,Clear
"Boise, ID",12/29/2018,35.6,28.2,31.2,20.4,,0.03,,11,32,8.5,77.9,82.69,"Rain, Overcast"
"Boise, ID",12/30/2018,41.1,30.1,35.3,19.6,,0.04,,19,32.2,9.5,85.3,78.13,"Rain, Overcast"
"Boise, ID",01/07/2014,32.7,21.7,28.1,17.2,,0.02,,6.6,30.8,8.8,82.6,71.43,"Rain, Overcast"
"Boise, ID",01/08/2014,40.7,26.9,31.6,23.7,,0.22,,19.9,32.3,4,91.4,90.63,"Rain, Overcast"
"Boise, ID",01/12/2014,42.2,35.2,37.6,28.7,,0.02,,19.5,32.2,9.5,90.4,72.09,"Rain, Overcast"
"Boise, ID",01/24/2014,26.2,24.3,25.2,15.6,,0.01,,7.8,33.1,6,95.4,91.63,"Rain, Overcast"
"Boise, ID",01/29/2014,35.7,29,32,22.3,,0.47,,13.5,28.3,5.3,75.2,92.93,"Rain, Overcast"
"Boise, ID",01/09/2014,40.7,31.6,35.4,23.5,,0.05,,13.3,34.4,7.6,63.3,80.28,"Rain, Partially cloudy"
"Boise, ID",11/01/2014,48.7,39.7,43.3,33.7,,0.96,,16,32.8,8.7,64.5,85.97,"Rain, Partially cloudy"
"Boise, ID",11/02/2014,48.8,35.8,42.3,32,,0.13,,16,31.3,9.9,58.2,72.74,"Rain, Partially cloudy"
"Boise, ID",11/09/2014,52.8,37.7,45.1,35.7,,0.01,,20,30.2,9.7,29.8,75.98,"Rain, Partially cloudy"
"Boise, ID",11/27/2014,56,42,48.2,39.1,,0.02,,12.1,31.7,9.8,33.1,73.69,"Rain, Partially cloudy"
"Boise, ID",11/13/2014,26,20.9,24.2,8.5,,0.4,,13.6,31.8,4.8,82,70.84,"Rain, Overcast"
"Boise, ID",11/14/2014,28.1,17.3,25.4,9.8,,0.38,,11.2,31.5,4.5,88.8,90.05,"Rain, Overcast"
"Boise, ID",11/21/2014,40.9,23,31,19.2,,0.08,,14.7,32.5,4.2,79.8,81.97,"Rain, Overcast"
"Boise, ID",11/22/2014,47,35.9,41.9,28.9,,0.18,,20.5,32.1,9.9,81.9,82.34,"Rain, Overcast"
"Boise, ID",12/01/2014,32.9,29.9,31,22.8,,0.23,,9,37.8,5.9,99.7,82.55,"Rain, Overcast"
"Boise, ID",12/02/2014,34.8,30.9,32.6,25.2,,0.1,,5.7,38.2,1.6,76.2,96.13,"Rain, Overcast"
"Boise, ID",12/03/2014,45.7,34,40.2,31,,0.27,,12.1,37.9,6.7,89.7,90.96,"Rain, Overcast"
"Boise, ID",12/04/2014,55.6,39.6,46.2,36,,0.13,,9.8,39.2,9,90.2,87.67,"Rain, Overcast"
"Boise, ID",12/13/2014,44.1,34.2,39.1,28.4,,0.01,,18.1,41.2,9.9,85.3,74.2,"Rain, Overcast"
"Boise, ID",12/19/2014,43.8,37,41.7,29.9,,0.18,,16.9,29.8,9.4,91,77.09,"Rain, Overcast"
"Boise, ID",12/20/2014,44,37.2,41,31,,0.69,,15.7,32.8,8.7,96,85.11,"Rain, Overcast"
"Boise, ID",12/21/2014,46.2,39.9,42.8,33.1,,0.76,,22,34.4,7.9,99.9,89.54,"Rain, Overcast"
"Boise, ID",12/28/2014,34,26.2,30.2,22.1,,0.07,,12.7,34.8,5.4,85.9,92.17,"Rain, Overcast"
"Boise, ID",12/29/2014,30.8,23.2,27.1,16,,0.05,,8.7,32.9,4.9,77.9,86.77,"Rain, Overcast"
"Boise, ID",12/30/2014,24.4,17.1,20.9,9.5,,0.01,,6.9,33.2,8.3,96.7,79.88,"Rain, Overcast"
"Boise, ID",12/06/2014,53.9,34.1,44.4,29.6,,0.07,,12.4,41.3,8.8,68.5,84.75,"Rain, Partially cloudy"
"Boise, ID",12/12/2014,61.1,41.1,54.8,36,,0.18,,27.4,43.6,9.9,55.8,49.53,"Rain, Partially cloudy"
"Boise, ID",12/22/2014,47.2,31,40.2,29.9,,0.12,,25,34.4,8,55.7,79.95,"Rain, Partially cloudy"
"Boise, ID",12/24/2014,34.2,29.1,32.6,20.3,,0.38,,26.3,37.8,8.3,66.1,84.04,"Rain, Partially cloudy"
"Boise, ID",01/04/2015,30.7,21,24.7,17.3,,0.04,,7.5,36.4,7,85.3,79.31,"Rain, Overcast"
"Boise, ID",01/05/2015,37.6,29,31.7,21.3,,0.15,,7.8,35.9,2.8,89.4,93.39,"Rain, Overcast"
"Boise, ID",01/11/2015,34.1,30.9,32.7,29.1,,0.01,,4.4,29.5,2.5,94.2,92.58,"Rain, Overcast"
"Boise, ID",01/12/2015,34.3,29.8,32.3,23.7,,0.14,,11,29.4,1.3,57,96.89,"Rain, Partially cloudy"
"Boise, ID",01/16/2015,41.8,30.9,35.8,25.6,,0.31,,16.6,31.6,5.1,72.9,91.11,"Rain, Partially cloudy"
"Boise, ID",01/17/2015,39.8,29,34.3,24.1,,0.04,,9.9,32,4.9,65,92.7,"Rain, Partially cloudy"
"Boise, ID",01/18/2015,48.7,35,42.6,30.8,,0.13,,17.4,31.6,8.1,63.2,86.89,"Rain, Partially cloudy"
"Boise, ID",01/27/2015,38.8,27,33.1,27.8,,0.05,,5.6,28.3,3.1,57.2,94.19,"Rain, Partially cloudy"
"Boise, ID",11/01/2015,60.1,47.9,54.3,45.2,,0.13,,12.6,36.9,9.9,58.3,75.16,"Rain, Partially cloudy"
"Boise, ID",11/08/2015,59,37.7,48.5,29.8,,0.01,,19,29.8,9.9,44.1,47.09,"Rain, Partially cloudy"
"Boise, ID",11/10/2015,47,32.9,38.2,27.2,,0.01,,17.1,30.9,9.1,49.8,82.4,"Rain, Partially cloudy"
"Boise, ID",11/11/2015,47,29.8,38.7,24.8,,0.01,,5.5,31.6,9.9,57.7,71.16,"Rain, Partially cloudy"
"Boise, ID",11/15/2015,56.6,32.3,46.7,20.5,,0.09,,19.6,32.2,8.9,26.8,50.74,"Rain, Partially cloudy"
"Boise, ID",11/18/2015,52.2,34.8,42.6,29.5,,0.01,,23,34.4,9.9,50.4,49.11,"Rain, Partially cloudy"
"Boise, ID",11/09/2015,47.9,37,41.9,32.5,,0.36,,14.5,30.1,9.7,89.9,91.44,"Rain, Overcast"
"Boise, ID",11/17/2015,47.3,32.1,39.6,24.9,,0.04,,11.4,34.3,9.2,79.9,75.67,"Rain, Overcast"
"Boise, ID",11/19/2015,42.2,34,37.7,26.3,,0.08,,13.9,33.8,9.5,97.9,80.59,"Rain, Overcast"
"Boise, ID",11/24/2015,42.8,30.7,35.5,26.7,,0.3,,10.2,36.2,8.1,83.4,80.89,"Rain, Overcast"
"Boise, ID",11/25/2015,35.9,30,32.8,22.5,,0.68,,12.9,36.8,4.1,98.9,95.25,"Rain, Overcast"
"Boise, ID",11/29/2015,19.1,14.3,16.7,4.3,,0.02,,8.1,35.7,9.5,96.6,83.39,"Rain, Overcast"
"Boise, ID",12/04/2015,44.9,34.9,39.5,29.1,,0.13,,14.9,31.1,9.9,76.9,79.28,"Rain, Overcast"
"Boise, ID",12/07/2015,50.9,42,46.2,36.7,,0.53,,17.2,33.2,9.7,96.8,82.64,"Rain, Overcast"
"Boise, ID",12/11/2015,44,35.9,38.8,29,,0.07,,12.5,36.5,9.9,81.5,82.15,"Rain, Overcast"
"Boise, ID",12/12/2015,41.1,35,38.3,26.6,,0.07,,22.9,32.2,9.9,97.2,82.03,"Rain, Overcast"
"Boise, ID",12/13/2015,50.1,33.2,40.3,20.3,,0.26,,25.1,37.8,9,98.8,81.49,"Rain, Overcast"
"Boise, ID",12/17/2015,34.8,17.3,28.5,9.3,,0.04,,18.1,35.9,7.7,77.8,77.74,"Rain, Overcast"
"Boise, ID",12/18/2015,42.8,34.8,38.9,24.6,,0.19,,19.4,36.1,9.8,99.2,82.26,"Rain, Overcast"
"Boise, ID",12/19/2015,43,33.1,38.1,28.4,,0.04,,18.1,37.8,8.5,90.3,88.38,"Rain, Overcast"
"Boise, ID",12/21/2015,44.9,34,38,26.2,,0.16,,26.2,42.5,9.8,85.4,81.89,"Rain, Overcast"
"Boise, ID",12/22/2015,38.9,33.1,35.6,24.7,,0.05,,11.2,41.9,9.6,99,79.37,"Rain, Overcast"
"Boise, ID",12/23/2015,35.9,26.3,32.7,20.7,,0.07,,16.1,42,9.1,77,78.36,"Rain, Overcast"
"Boise, ID",12/08/2015,53,44.9,49,41.3,,0.01,,13.7,32.6,9.9,53.1,78.58,"Rain, Partially cloudy"
"Boise, ID",12/10/2015,48.9,35.9,43.7,31.2,,0.19,,27.2,39.1,9.8,61.8,71.71,"Rain, Partially cloudy"
"Boise, ID",12/16/2015,32.3,20.3,28.9,15.4,,0.08,,10,33.4,7.7,69.2,87.16,"Rain, Partially cloudy"
"Boise, ID",12/20/2015,38.9,26.2,33.2,26.2,,0.06,,14.8,38,5.9,49.9,90.46,"Rain, Partially cloudy"
"Boise, ID",12/24/2015,32.1,18.3,28.1,14.7,,0.12,,15.7,40.2,6.3,67.6,87.02,"Rain, Partially cloudy"
"Boise, ID",01/06/2016,42,33.9,36.3,29.9,,0.04,,7.7,28.4,6.1,98,92.29,"Rain, Overcast"
"Boise, ID",01/13/2016,42,30,35.5,20.7,,0.01,,22.3,34.4,9.9,76.8,68.67,"Rain, Overcast"
"Boise, ID",01/19/2016,45.9,37.6,40.7,26.9,,0.1,,25.1,39.1,9.8,79.2,74.47,"Rain, Overcast"
"Boise, ID",01/23/2016,48.8,37.9,42.3,30.4,,0.01,,19.3,34.4,9.9,86,77.66,"Rain, Overcast"
"Boise, ID",01/29/2016,46.1,32.1,37.8,23.9,,0.18,,21.3,31.1,6.6,85.1,92.55,"Rain, Overcast"
"Boise, ID",01/14/2016,39.8,22.8,32.8,21.3,,0.14,,13.1,33.6,7.6,51.2,81.13,"Rain, Partially cloudy"
"Boise, ID",01/15/2016,36,29.9,32.5,24.2,,0.03,,8.8,33.5,7.5,73,90.9,"Rain, Partially cloudy"
"Boise, ID",01/16/2016,38.1,29.1,33.6,25.1,,0.04,,11.2,33.8,8.8,70.7,88.68,"Rain, Partially cloudy"
"Boise, ID",01/17/2016,44.4,26.1,35.9,22,,0.02,,17.9,31.1,6.5,57.6,81.72,"Rain, Partially cloudy"
"Boise, ID",01/18/2016,46.2,33.9,40.3,26.7,,0.07,,17.1,34.8,9.9,36.8,81.22,"Rain, Partially cloudy"
"Boise, ID",01/01/2017,19.1,2,13.2,1.4,,0.02,,8.1,32.8,6.8,71.3,83.88,"Rain, Partially cloudy"
"Boise, ID",01/04/2017,25.1,20,23.3,13.3,,0.47,,6.9,30.7,2.1,68,91.05,"Rain, Partially cloudy"
"Boise, ID",01/05/2017,21,-4,10.3,-16.4,,0.01,,11.4,32.1,8.7,47.6,78.17,"Rain, Partially cloudy"
"Boise, ID",01/07/2017,20,-7.1,8,-21.5,,0.15,,9.2,31.8,7.9,60.3,80.95,"Rain, Partially cloudy"
"Boise, ID",01/09/2017,43.1,33.2,38.1,26.3,,0.11,,13.9,34.4,9.4,61.7,78.49,"Rain, Partially cloudy"
"Boise, ID",01/11/2017,40.9,24.1,34.8,16.1,,0.03,,21.9,30.1,9.8,43.5,78.24,"Rain, Partially cloudy"
"Boise, ID",01/18/2017,37.1,8.9,22.5,1.3,,0.44,,19.6,28.9,4.1,73.2,85.6,"Rain, Partially cloudy"
"Boise, ID",01/02/2017,23,14,16.9,6.3,,0.03,,8.1,32.4,5,82.8,84.86,"Rain, Overcast"
"Boise, ID",01/03/2017,24.2,17.1,20.3,9.9,,0.12,,5.8,31.4,3.3,90.8,87.23,"Rain, Overcast"
"Boise, ID",01/08/2017,43.1,14,28.3,8.7,,0.32,,23,31.1,7.3,86.3,83.96,"Rain, Overcast"
"Boise, ID",01/10/2017,38.9,32,34.8,24.2,,1.08,,18.1,11.4,6.1,80,96.12,"Rain, Overcast"
"Boise, ID",01/19/2017,38.1,35,36.7,27.9,,0.19,,16,20.8,9.8,75.8,84.16,"Rain, Overcast"
"Boise, ID",01/21/2017,39.8,32,35.5,25.1,,0.12,,12.8,18.3,8.4,79.8,85.2,"Rain, Overcast"
"Boise, ID",11/01/2016,56.1,44.6,49.1,39.2,,0.01,,10.9,28.6,9.9,78.2,71.67,"Rain, Overcast"
"Boise, ID",11/15/2016,56.8,47,51.1,41.6,,0.08,,22,28.5,8.9,80.7,76.97,"Rain, Overcast"
"Boise, ID",12/04/2016,44.1,29.2,39.1,19.5,,0.14,,17.8,29.3,9.5,88.6,71.11,"Rain, Overcast"
"Boise, ID",12/06/2016,26.1,13.9,23.2,12.3,,0.01,,15.7,30,8.2,75.4,75.39,"Rain, Overcast"
"Boise, ID",12/09/2016,30.9,25.2,28.5,18.2,,0.26,,8.7,32,5.7,92.8,91.51,"Rain, Overcast"
"Boise, ID",12/14/2016,35.7,25.1,29.8,19,,0.26,,17.9,35.7,5.5,79.7,87.52,"Rain, Overcast"
"Boise, ID",12/15/2016,39.5,32.1,33.6,25.9,,0.07,,9.7,36.3,5.3,82.7,93.87,"Rain, Overcast"
"Boise, ID",12/20/2016,25,15.2,21.7,7.8,,0.03,,11.2,34.1,3.4,91.6,89.77,"Rain, Overcast"
"Boise, ID",12/23/2016,30.5,9.2,19.3,-3.5,,0.2,,9.7,33,4.9,76.8,88.99,"Rain, Overcast"
"Boise, ID",12/24/2016,30.9,21.9,27,12.1,,0.32,,19.7,32.5,4.4,93.8,85.42,"Rain, Overcast"
"Boise, ID",12/27/2016,33.1,15.8,23,6.3,,0.03,,18.1,31.8,8,79.1,80.57,"Rain, Overcast"
"Boise, ID",12/08/2016,28.9,17,22.6,4.6,,0.13,,13.9,32.2,6.7,59.3,78.89,"Rain, Partially cloudy"
"Boise, ID",12/10/2016,35.7,29.9,32.4,25,,0.25,,6.6,32.9,1.2,42.5,98.09,"Rain, Partially cloudy"
"Boise, ID",12/16/2016,30.9,11.2,23.5,-5,,0.18,,21.8,36.7,6.4,66.9,82.51,"Rain, Partially cloudy"
"Boise, ID",11/14/2017,50,38,43.5,31,,0.21,,12.7,34.4,9.4,24.4,68.52,Rain
"Boise, ID",11/20/2017,48.7,38.9,45.8,31.8,,0.1,,18.3,28.8,9.8,93.1,69.66,"Rain, Overcast"
"Boise, ID",11/21/2017,56.9,43,51,40.8,,0.06,,12.6,29.2,9.9,80.4,82.33,"Rain, Overcast"
"Boise, ID",11/03/2017,53.8,38.1,44.6,32.3,,0.24,,14.9,13.9,9.1,73,78.15,"Rain, Partially cloudy"
"Boise, ID",11/04/2017,43.1,35.1,38.8,30.1,,0.12,,9.1,12.8,9.8,71.2,74.21,"Rain, Partially cloudy"
"Boise, ID",11/05/2017,44.1,31.9,38,24.5,,0.08,,20.4,30,9.5,61.4,76.52,"Rain, Partially cloudy"
"Boise, ID",11/06/2017,43.1,29,37.2,22.9,,0.03,,14.8,11.4,9.9,51.5,74.21,"Rain, Partially cloudy"
"Boise, ID",11/09/2017,61,39.9,46.6,33.5,,0.05,,32,43.8,9.5,68.1,59.02,"Rain, Partially cloudy"
"Boise, ID",11/10/2017,53,37.1,43.5,30.5,,0.25,,13.8,13.9,9.2,71.7,83.52,"Rain, Partially cloudy"
"Boise, ID",11/11/2017,53.1,37.1,44.4,33.6,,0.02,,12.7,19.5,9.9,55.6,75.45,"Rain, Partially cloudy"
"Boise, ID",11/15/2017,48.9,36,43.3,28.6,,0.14,,20.6,29.7,9.6,56.4,67.15,"Rain, Partially cloudy"
"Boise, ID",11/16/2017,53,42.2,47.7,37.9,,0.08,,18.3,27.7,9.9,69.6,69.07,"Rain, Partially cloudy"
"Boise, ID",11/22/2017,63,48.9,54.8,48.1,,0.02,,12.7,30.4,8.9,35,83.12,"Rain, Partially cloudy"
"Boise, ID",11/23/2017,65,46.1,54.9,45,,0.02,,13.7,31.1,8.2,43.5,71.97,"Rain, Partially cloudy"
"Boise, ID",12/03/2017,41,34.1,36.3,25.7,,0.34,,23,35.7,6.6,81.6,81.34,"Rain, Overcast"
"Boise, ID",12/15/2017,28.2,26.1,26.9,15,,0.05,,12.8,13.9,7.8,96.2,84.83,"Rain, Overcast"
"Boise, ID",12/25/2017,26.9,20.8,22.9,14.4,,0.11,,8,16.7,5.6,87.1,89.66,"Rain, Overcast"
"Boise, ID",12/20/2017,46.1,28.1,33.9,16.7,,0.12,,26.2,41.1,9.3,48.9,74.33,"Rain, Partially cloudy"
"Boise, ID",12/22/2017,38,28.1,32.1,21.8,,0.17,,8,15.3,7.4,74.6,73.39,"Rain, Partially cloudy"
"Boise, ID",12/23/2017,32,11,27.2,1.5,,0.13,,16,12.8,7.1,44.5,83.04,"Rain, Partially cloudy"
"Boise, ID",12/24/2017,21.9,10,17.5,-0.8,,0.14,,9.2,15,7.1,46.1,77.62,"Rain, Partially cloudy"
"Boise, ID",01/02/2013,23,12.5,18.5,4.8,,0.01,,11.4,26.5,8.2,64,74.05,"Rain, Partially cloudy"
"Boise, ID",01/07/2013,25.5,12.6,20.5,3.4,,0.22,,16.9,28.7,2.9,60.2,83.25,"Rain, Partially cloudy"
"Boise, ID",01/11/2013,28.5,8.6,23.2,1.2,,0.01,,18.8,32.1,8.6,59.9,75.01,"Rain, Partially cloudy"
"Boise, ID",01/29/2013,38.2,30.3,33.4,22.8,,0.11,,15.7,60.4,7.9,70.2,86.78,"Rain, Partially cloudy"
"Boise, ID",01/10/2013,33.1,26.1,29.3,13.9,,0.18,,23.8,33.3,5.1,95.1,81.14,"Rain, Overcast"
"Boise, ID",01/14/2013,18,7.9,14.2,-3.5,,0.01,,15.7,28.1,8.3,99.6,75.02,"Rain, Overcast"
"Boise, ID",01/24/2013,31.8,19,25.5,12.2,,0.16,,5.6,38.4,1.3,100,88.69,"Rain, Overcast"
"Boise, ID",01/25/2013,35.6,28.9,31.7,25.4,,0.06,,9.8,41.2,1.2,100,92.09,"Rain, Overcast"
"Boise, ID",01/26/2013,38.4,32,33.5,25.6,,0.12,,11.1,53.7,1.3,77.6,97.97,"Rain, Overcast"
"Boise, ID",01/28/2013,33.1,20.8,28.6,11.8,,0.24,,7.8,62.1,4.4,83.9,90.55,"Rain, Overcast"
"Boise, ID",11/15/2013,44.2,28.5,37.6,23.1,,0.01,,13.4,29.4,9.8,21.6,69.21,Rain
"Boise, ID",11/06/2013,46,35.9,40.3,33.3,,0.01,,7.5,30.6,5,87.4,91.84,"Rain, Overcast"
"Boise, ID",11/07/2013,59,39.8,49.1,39.3,,0.03,,18.2,30,8.6,79.7,77.04,"Rain, Overcast"
"Boise, ID",11/16/2013,42.5,32.5,37.2,27,,0.41,,15.3,29.5,8.6,81.5,81.41,"Rain, Overcast"
"Boise, ID",11/19/2013,50.1,38,43.8,33.9,,0.42,,13.8,27.4,8.8,94.6,87.42,"Rain, Overcast"
"Boise, ID",11/02/2013,56.8,40.1,47.1,34.7,,0.02,,19.5,33.2,9.8,37.8,69.22,"Rain, Partially cloudy"
"Boise, ID",11/03/2013,44.9,32.3,37.3,26.2,,0.01,,14.5,32.2,9.6,59.8,68.49,"Rain, Partially cloudy"
"Boise, ID",11/05/2013,42.3,25,34.8,18.4,,0.17,,13.5,31.8,9.8,67.7,72.9,"Rain, Partially cloudy"
"Boise, ID",12/01/2013,52.1,37.8,44.2,33.9,,0.17,,12.6,32.1,8.7,89.6,81.59,"Rain, Overcast"
"Boise, ID",12/02/2013,53.1,28.3,44.3,19.7,,0.06,,25,33.3,9.4,78.2,64.81,"Rain, Overcast"
"Boise, ID",12/23/2013,41.7,33,36,28.7,,0.05,,15.9,32.2,5.6,91.8,90.91,"Rain, Overcast"
"Boise, ID",12/04/2013,22,16.1,19.8,7.3,,0.01,,11.2,32.4,8.9,74.8,75.5,"Rain, Partially cloudy"
"Boise, ID",12/07/2013,23.9,3.2,16.6,-11.3,,0.13,,15,30.2,6,49.1,80.47,"Rain, Partially cloudy"
"Boise, ID",12/20/2013,30.7,11.7,21.3,4,,0.17,,9.1,32.1,7.4,44.1,79.1,"Rain, Partially cloudy"
"Boise, ID",01/18/2012,38.2,32.1,35.5,21.6,,0.8,,19.4,42.5,5.8,76.5,72.9,"Rain, Overcast"
"Boise, ID",01/19/2012,41.1,35.9,39.1,29.8,,0.79,,16.9,39.2,7.3,99.3,84.74,"Rain, Overcast"
"Boise, ID",01/20/2012,47.8,37.1,42.9,33.6,,0.38,,19.2,36.7,9.2,95,81.2,"Rain, Overcast"
"Boise, ID",01/21/2012,48.8,35.9,44.6,29.2,,0.03,,25.7,34.4,9.9,88.8,68.38,"Rain, Overcast"
"Boise, ID",01/23/2012,38.8,30.9,35.4,27.7,,0.16,,13.6,35.7,7.2,79.6,87.45,"Rain, Overcast"
"Boise, ID",01/22/2012,39.9,28.4,34.7,20.6,,0.04,,17.9,34.3,9.6,59,69.28,"Rain, Partially cloudy"
"Boise, ID",01/24/2012,38.8,26.8,33.3,16.8,,0.05,,18.1,32.8,9.4,46.2,73.43,"Rain, Partially cloudy"
"Boise, ID",01/25/2012,53.3,37.1,44,27.8,,0.02,,16.9,30.8,9.9,58.7,69.89,"Rain, Partially cloudy"
"Boise, ID",01/26/2012,50,33.2,42,23.6,,0.31,,17.3,30.6,9.3,58.1,73.88,"Rain, Partially cloudy"
"Boise, ID",11/13/2012,45.9,35.9,39.2,31.6,,0.04,,6.9,29.5,8,85.5,84.83,"Rain, Overcast"
"Boise, ID",11/16/2012,55.2,39.7,46.8,35,,0.03,,14.2,31.4,9.9,81.5,66.38,"Rain, Overcast"
"Boise, ID",11/24/2012,43.8,34.8,39.3,31.5,,0.14,,7.8,32.5,8.3,87.9,80.06,"Rain, Overcast"
"Boise, ID",11/30/2012,57.7,47,54.3,41.4,,0.02,,21.7,34.4,9.9,87.2,56.95,"Rain, Overcast"
"Boise, ID",11/01/2012,64.1,46.8,55.7,43.6,,0.04,,15.2,29,9.7,55.2,54.9,"Rain, Partially cloudy"
"Boise, ID",11/17/2012,57.3,43.9,51.6,37.6,,0.02,,19.1,32.2,9.9,64.2,60.58,"Rain, Partially cloudy"
"Boise, ID",11/18/2012,53.6,38.9,44.8,35.1,,0.06,,15.9,31.1,9.8,36.3,62.23,"Rain, Partially cloudy"
"Boise, ID",11/19/2012,57,42.2,50.8,36.8,,0.01,,21.4,34.8,9.9,65.7,57.27,"Rain, Partially cloudy"
"Boise, ID",11/21/2012,57.6,33.1,48.4,28.8,,0.03,,19,33.3,9.7,55.7,55.34,"Rain, Partially cloudy"
"Boise, ID",11/25/2012,46.9,30,39.3,26.3,,0.17,,12.6,34.8,6.8,44.3,80.04,"Rain, Partially cloudy"
"Boise, ID",12/01/2012,57.7,48.5,52.8,42.6,,0.02,,19.1,30,9.9,78.6,60.41,"Rain, Overcast"
"Boise, ID",12/02/2012,62,38,51.9,32.1,,0.05,,23.4,38,9.9,79,51.31,"Rain, Overcast"
"Boise, ID",12/04/2012,54.8,43,49.2,34.4,,0.22,,21.7,30,9.9,93,67.91,"Rain, Overcast"
"Boise, ID",12/12/2012,43.8,35.9,39.9,33.5,,0.22,,12.4,38.9,9.3,84.7,81.69,"Rain, Overcast"
"Boise, ID",12/16/2012,42,33,35.8,23.1,,0.07,,22.7,31.1,8.9,98.4,82.04,"Rain, Overcast"
"Boise, ID",12/23/2012,40.9,32,36.8,24.7,,0.06,,23.6,33.3,9.2,77.5,75.88,"Rain, Overcast"
"Boise, ID",12/26/2012,30.9,29,29.9,18.4,,0.02,,13.6,38.9,6.2,98.8,86.3,"Rain, Overcast"
"Boise, ID",12/30/2012,25.1,14,21.3,9.5,,0.01,,6.9,37.9,5.9,81.5,87.02,"Rain, Overcast"
"Boise, ID",12/05/2012,57.7,37.1,49.7,40,,0.24,,16.9,31.7,9.7,63.4,75.44,"Rain, Partially cloudy"
"Boise, ID",12/08/2012,42.2,30.9,34,22.7,,0.06,,15.9,41.4,8.8,69.7,79.88,"Rain, Partially cloudy"
"Boise, ID",12/09/2012,35.9,26.1,32.3,22.4,,0.01,,8.1,40.7,9.8,67.6,76.43,"Rain, Partially cloudy"
"Boise, ID",12/10/2012,43.8,32.1,36.1,26.2,,0.02,,8,40.2,9,70.2,82.72,"Rain, Partially cloudy"
"Boise, ID",12/17/2012,47.9,27.2,42,22.4,,0.01,,25.8,36.9,9.9,45.3,55.25,"Rain, Partially cloudy"
"Boise, ID",12/22/2012,48.6,33.8,42.4,28,,0.01,,22.9,33.3,9.9,66.6,45.36,"Rain, Partially cloudy"
"Boise, ID",12/24/2012,39.8,26.8,34.8,25.8,,0.01,,15.1,38.6,9.9,64.9,70.49,"Rain, Partially cloudy"
"Boise, ID",12/25/2012,37,23.9,29.8,14.3,,0.02,,25,38,8.1,58.9,69.12,"Rain, Partially cloudy"
"Boise, ID",01/10/2011,29.9,20.1,25.6,12.3,,0.02,,7.8,32.1,9.3,84.8,75.6,"Rain, Overcast"
"Boise, ID",01/13/2011,39.7,30.5,35.6,23,,0.22,,11.2,32.6,7.7,89.1,87.19,"Rain, Overcast"
"Boise, ID",01/14/2011,47,35.8,40.9,31.3,,0.02,,8.6,33.2,8.9,90,85.08,"Rain, Overcast"
"Boise, ID",01/16/2011,46.6,40.7,43.7,34.5,,0.77,,10.8,34,7.5,98.9,90.65,"Rain, Overcast"
"Boise, ID",01/21/2011,40.7,29.8,33.9,26.3,,0.07,,6.7,36.5,7.4,95.5,80.54,"Rain, Overcast"
"Boise, ID",01/15/2011,44.1,32,36.7,26.8,,0.09,,9,33.2,3.2,32.5,91.1,"Rain, Partially cloudy"
"Boise, ID",01/18/2011,44,31.8,37.5,27.7,,0.11,,6.8,34.8,8.3,47.4,81.01,"Rain, Partially cloudy"
"Boise, ID",01/24/2011,40.9,28.1,34.2,22.2,,0.03,,13.4,37.2,7.2,67.9,82.61,"Rain, Partially cloudy"
"Boise, ID",11/17/2011,53.1,39.8,46.5,35,,0.06,,19.3,35.3,9.5,96.1,67.05,"Rain, Overcast"
"Boise, ID",11/04/2011,37.1,32.5,35.2,25.7,,0.11,,13.8,36.7,7.3,75,81.34,"Rain, Partially cloudy"
"Boise, ID",11/12/2011,49.8,33.2,40.4,27,,0.06,,25.5,38,9.1,67.7,63.46,"Rain, Partially cloudy"
"Boise, ID",11/18/2011,43.5,33,36.1,26.1,,0.02,,19.1,33.5,9.1,74.3,80.68,"Rain, Partially cloudy"
"Boise, ID",11/22/2011,51,41.1,47.2,31.8,,0.03,,20.5,33.3,9.9,73.9,54.32,"Rain, Partially cloudy"
"Boise, ID",12/27/2011,47.5,26.2,36.4,21.3,,0.02,,11.1,38.5,8.6,66.9,65.95,"Rain, Partially cloudy"
"Boise, ID",12/29/2011,53,43.8,48.1,37,,0.05,,17.9,40,9.9,60.9,64.42,"Rain, Partially cloudy"
"Boise, ID",12/28/2011,52.5,40.9,45,32.8,,0.22,,18.6,38.9,9.6,99.5,77.59,"Rain, Overcast"
"Boise, ID",01/21/2010,50.1,35,42.4,29.3,,0.01,,18.1,34.4,9.9,24.5,61.56,Rain
"Boise, ID",01/01/2010,43,34.9,39.1,25,,0.45,,21.9,48.3,9,95.5,80.35,"Rain, Overcast"
"Boise, ID",01/05/2010,35.8,32,33.3,27.4,,0.06,,6.8,43.7,2.6,99.2,89.49,"Rain, Overcast"
"Boise, ID",01/13/2010,44.7,34.1,39.3,29.2,,0.13,,15,35.7,8.6,75.9,83.4,"Rain, Overcast"
"Boise, ID",01/22/2010,38.9,33.2,36.2,27.4,,0.12,,12.7,35.9,6.7,91.2,85.84,"Rain, Overcast"
"Boise, ID",01/23/2010,39.9,34,36.7,28.9,,0.01,,9.3,36.1,8.5,99.2,80.99,"Rain, Overcast"
"Boise, ID",01/26/2010,46,35.8,39.7,27.8,,0.2,,16.1,34.9,9,96.8,83.85,"Rain, Overcast"
"Boise, ID",01/30/2010,37.1,30,33.5,26.9,,0.06,,7.1,35.1,7.5,76.1,78.67,"Rain, Overcast"
"Boise, ID",01/31/2010,38,32,33.9,29.1,,0.18,,7.8,33.7,2.3,95.5,90.98,"Rain, Overcast"
"Boise, ID",01/12/2010,48.7,38,43,31.4,,0.02,,28.9,36.9,9.9,69,64.63,"Rain, Partially cloudy"
"Boise, ID",01/16/2010,43.8,35,38.8,28.4,,0.02,,17,33.8,9.9,54.1,69.75,"Rain, Partially cloudy"
"Boise, ID",01/17/2010,47.7,32.1,39.2,27.4,,0.01,,21.7,34.4,9.5,54.7,71.05,"Rain, Partially cloudy"
"Boise, ID",01/19/2010,52,39.7,44.5,32.8,,0.12,,20.7,34.4,9.7,37.1,58.9,"Rain, Partially cloudy"
"Boise, ID",01/20/2010,50,37.1,42.9,27.8,,0.11,,29.9,49.4,9.9,46.3,58.9,"Rain, Partially cloudy"
"Boise, ID",11/07/2010,62.1,41.1,52.1,35.8,,0.47,,17,31.8,8.4,76.1,69.03,"Rain, Overcast"
"Boise, ID",11/10/2010,42.2,35,38.5,30.7,,0.05,,14.7,36.2,8.8,84.9,83.45,"Rain, Overcast"
"Boise, ID",11/14/2010,44,38,40.7,34.4,,0.04,,9.9,42.9,8.5,97.8,85.31,"Rain, Overcast"
"Boise, ID",11/19/2010,38.8,34.9,37,30.9,,0.01,,5.7,32.6,8,90.5,80.22,"Rain, Overcast"
"Boise, ID",11/20/2010,38.1,30.9,34.7,25,,0.13,,10.1,33.2,6.1,83.9,88.01,"Rain, Overcast"
"Boise, ID",11/22/2010,37.2,30.9,34,20.5,,0.04,,23.8,35.6,8.8,87.7,73.96,"Rain, Overcast"
"Boise, ID",11/27/2010,36.9,26.9,30.5,15.9,,0.1,,16,31.8,5.7,88.5,81.69,"Rain, Overcast"
"Boise, ID",11/09/2010,47.1,28.1,38,23.1,,0.04,,23,35.6,9.9,42.6,65.79,"Rain, Partially cloudy"
"Boise, ID",11/16/2010,53.7,36.9,47.4,32.7,,0.01,,25,56.4,9.9,53.1,54.67,"Rain, Partially cloudy"
"Boise, ID",11/18/2010,57,38,49.2,31.4,,0.01,,21,30,9.9,54.9,41.77,"Rain, Partially cloudy"
"Boise, ID",11/21/2010,32.1,30,31.4,21.6,,0.11,,12.3,35.2,5.7,72.3,83.29,"Rain, Partially cloudy"
"Boise, ID",11/23/2010,39,16.2,25.8,6.9,,0.32,,18.4,34.4,9.5,60.4,61.58,"Rain, Partially cloudy"
"Boise, ID",11/28/2010,34.3,25,28.2,15.1,,0.04,,19.7,30,8.6,37.2,78.31,"Rain, Partially cloudy"
"Boise, ID",12/01/2010,34.9,29.8,32.5,21.5,,0.4,,11.3,31.6,2.7,91.3,91.24,"Rain, Overcast"
"Boise, ID",12/02/2010,35.7,30.5,33.3,26,,0.16,,5.7,31.5,2.1,95,92.52,"Rain, Overcast"
"Boise, ID",12/04/2010,33.8,30.4,32.3,21.3,,0.06,,14,33.1,5.3,91.7,86.13,"Rain, Overcast"
"Boise, ID",12/18/2010,40.8,28.5,34.8,17.2,,0.09,,20.3,31.1,8.8,78.4,77.47,"Rain, Overcast"
"Boise, ID",12/28/2010,40.7,34.1,37.6,25.2,,0.45,,21.1,42.5,7.8,98.6,84.02,"Rain, Overcast"
"Boise, ID",12/03/2010,33.1,26.7,30.8,20.4,,0.04,,11.3,32.7,2.1,61.7,94.29,"Rain, Partially cloudy"
"Boise, ID",12/06/2010,41,26.8,35.5,23.7,,0.25,,9.6,32.1,6.3,57.4,89.98,"Rain, Partially cloudy"
"Boise, ID",12/08/2010,42,32,37.4,24.9,,0.01,,21.1,32.2,8.9,66.4,80.4,"Rain, Partially cloudy"
"Boise, ID",12/09/2010,43.5,29.7,35.9,26.5,,0.01,,16.9,32.1,5,55.5,85.51,"Rain, Partially cloudy"
"Boise, ID",12/10/2010,42.9,31.9,38.5,27.9,,0.05,,19.5,32.2,8.3,70.2,80.33,"Rain, Partially cloudy"
"Boise, ID",12/11/2010,40.8,31.7,36.7,27.3,,0.15,,13.1,33.8,8.7,64.8,84.31,"Rain, Partially cloudy"
"Boise, ID",12/13/2010,49.4,33.1,40.7,26.9,,0.02,,15.4,36.2,4.3,59.6,88.01,"Rain, Partially cloudy"
"Boise, ID",12/14/2010,48.7,37.1,43.2,34.4,,0.29,,16.2,36.9,9.1,39.3,74.29,"Rain, Partially cloudy"
"Boise, ID",12/19/2010,40.4,33,35.7,24.6,,0.58,,15.3,34.4,6.8,71.1,88.4,"Rain, Partially cloudy"
"Boise, ID",12/26/2010,47.1,34,39.7,27.2,,0.13,,14,32.2,9.6,64.8,72.59,"Rain, Partially cloudy"
"Boise, ID",12/29/2010,42.1,26.1,35.4,16.2,,0.47,,24,38,8.4,61.1,73.07,"Rain, Partially cloudy"
"Boise, ID",01/01/2009,46.2,33.1,41.1,29.8,,0.09,,13.7,45.3,9.6,99.6,72.4,"Rain, Overcast"
"Boise, ID",01/05/2009,29,21.8,25.7,6.8,,0.11,,20.8,30,4.1,83.8,80.05,"Rain, Overcast"
"Boise, ID",01/06/2009,45.6,24.2,32.2,19.3,,0.3,,11.2,30,5.7,94.3,85.71,"Rain, Overcast"
"Boise, ID",01/22/2009,33.1,28.1,30.4,24.4,,0.06,,5.8,32.1,2.9,98.8,81.7,"Rain, Overcast"
"Boise, ID",01/23/2009,35,29.1,32.5,24.1,,0.03,,9.1,32.8,2.2,100,86.97,"Rain, Overcast"
"Boise, ID",01/24/2009,38,33.1,35.1,27.8,,0.11,,5.7,30.6,1.9,95.9,89.94,"Rain, Overcast"
"Boise, ID",11/12/2009,43.1,35,39.3,28.6,,0.23,,14.8,30.2,9,78.1,71.32,"Rain, Overcast"
"Boise, ID",11/13/2009,41.1,30.8,36.2,28.4,,0.05,,9,29.6,9.1,79,71.62,"Rain, Overcast"
"Boise, ID",11/22/2009,44,34.9,38.7,25.3,,0.09,,26.3,40.3,9.2,78.1,57.13,"Rain, Overcast"
"Boise, ID",11/06/2009,57.8,43.8,50.2,38.5,,0.08,,17,31.5,9.7,69.8,58.1,"Rain, Partially cloudy"
"Boise, ID",11/11/2009,51.1,43,46.1,39.9,,0.11,,11.3,30.7,8.7,66.5,68.53,"Rain, Partially cloudy"
"Boise, ID",11/14/2009,38.1,26.8,32.1,19.9,,0.03,,19.6,32.1,9.5,28.7,71.29,"Rain, Partially cloudy"
"Boise, ID",11/18/2009,47.7,31.9,42,24.8,,0.01,,15,35.7,9.9,37.6,60.64,"Rain, Partially cloudy"
"Boise, ID",12/12/2009,24,16.9,19.8,8.7,,0.09,,6.8,33.7,2.9,89.1,83.17,"Rain, Overcast"
"Boise, ID",12/15/2009,38.8,34.9,37.1,26.5,,0.82,,19.6,33.4,6.9,100,80.86,"Rain, Overcast"
"Boise, ID",12/16/2009,43.8,35.8,40,29.3,,0.19,,14.9,32.9,9.1,89.8,83.71,"Rain, Overcast"
"Boise, ID",12/07/2009,21.8,2.2,14.2,-4.6,,0.09,,8,29.6,4.6,70,79.63,"Rain, Partially cloudy"
"Boise, ID",12/13/2009,30.7,20,24.9,12.3,,0.04,,6.8,34.2,1.9,68.9,88.26,"Rain, Partially cloudy"
"Boise, ID",12/18/2009,43.8,32.1,36,26.7,,0.01,,9,32.1,5.1,58.7,87.06,"Rain, Partially cloudy"
"Boise, ID",12/19/2009,37.1,29.1,33.1,23.9,,0.01,,10,33.6,5.1,63.3,87.44,"Rain, Partially cloudy"
"Boise, ID",12/20/2009,42.8,29.9,35.3,26,,0.01,,12.4,30.9,6.5,43.1,85.19,"Rain, Partially cloudy"
"Boise, ID",12/22/2009,35.9,26.9,31.3,16.7,,0.15,,19.5,31.4,6.5,58.7,83.91,"Rain, Partially cloudy"
"Boise, ID",12/30/2009,34.9,29.8,31.5,20.1,,0.18,,14.8,31.2,4.4,74.7,85.48,"Rain, Partially cloudy"
"Boise, ID",12/31/2009,37.1,30.5,33.8,21,,0.12,,20.5,30,7.4,61.7,74.76,"Rain, Partially cloudy"